customer_id,first_name,last_name,email,phone,loyalty_join_date,loyalty_points,membership_status
1,Customer1,Last1,customer1@example.com,917-555-0001,2025-01-01,5238,Active
2,Customer2,Last2,customer2@example.com,917-555-0002,2025-01-01,912,Active
3,Customer3,Last3,customer3@example.com,917-555-0003,2025-01-01,204,Active
4,Customer4,Last4,customer4@example.com,917-555-0004,2025-01-01,2253,Active
5,Customer5,Last5,customer5@example.com,917-555-0005,2025-01-01,2006,Active
6,Customer6,Last6,customer6@example.com,917-555-0006,2025-01-01,1828,Active
7,Customer7,Last7,customer7@example.com,917-555-0007,2025-01-01,1143,Active
8,Customer8,Last8,customer8@example.com,917-555-0008,2025-01-01,839,Active
9,Customer9,Last9,customer9@example.com,917-555-0009,2025-01-01,5543,Active
10,Customer10,Last10,customer10@example.com,917-555-0010,2025-01-01,4467,Active
11,Customer11,Last11,customer11@example.com,917-555-0011,2025-01-01,712,Active
12,Customer12,Last12,customer12@example.com,917-555-0012,2025-01-01,4837,Active
13,Customer13,Last13,customer13@example.com,917-555-0013,2025-01-01,3456,Active
14,Customer14,Last14,customer14@example.com,917-555-0014,2025-01-01,260,Active
15,Customer15,Last15,customer15@example.com,917-555-0015,2025-01-01,244,Active
16,Customer16,Last16,customer16@example.com,917-555-0016,2025-01-01,767,Active
17,Customer17,Last17,customer17@example.com,917-555-0017,2025-01-01,1791,Active
18,Customer18,Last18,customer18@example.com,917-555-0018,2025-01-01,1905,Active
19,Customer19,Last19,customer19@example.com,917-555-0019,2025-01-01,4139,Active
20,Customer20,Last20,customer20@example.com,917-555-0020,2025-01-01,4931,Active
21,Customer21,Last21,customer21@example.com,917-555-0021,2025-01-01,217,Active
22,Customer22,Last22,customer22@example.com,917-555-0022,2025-01-01,4597,Active
23,Customer23,Last23,customer23@example.com,917-555-0023,2025-01-01,1628,Active
24,Customer24,Last24,customer24@example.com,917-555-0024,2025-01-01,5865,Active
25,Customer25,Last25,customer25@example.com,917-555-0025,2025-01-01,5323,Active
26,Customer26,Last26,customer26@example.com,917-555-0026,2025-01-01,5745,Active
27,Customer27,Last27,customer27@example.com,917-555-0027,2025-01-01,4464,Active
28,Customer28,Last28,customer28@example.com,917-555-0028,2025-01-01,3436,Active
29,Customer29,Last29,customer29@example.com,917-555-0029,2025-01-01,1805,Active
30,Customer30,Last30,customer30@example.com,917-555-0030,2025-01-01,3679,Active
31,Customer31,Last31,customer31@example.com,917-555-0031,2025-01-01,4827,Active
32,Customer32,Last32,customer32@example.com,917-555-0032,2025-01-01,2278,Active
33,Customer33,Last33,customer33@example.com,917-555-0033,2025-01-01,53,Active
34,Customer34,Last34,customer34@example.com,917-555-0034,2025-01-01,1307,Active
35,Customer35,Last35,customer35@example.com,917-555-0035,2025-01-01,5719,Active
36,Customer36,Last36,customer36@example.com,917-555-0036,2025-01-01,3462,Active
37,Customer37,Last37,customer37@example.com,917-555-0037,2025-01-01,2787,Active
38,Customer38,Last38,customer38@example.com,917-555-0038,2025-01-01,2276,Active
39,Customer39,Last39,customer39@example.com,917-555-0039,2025-01-01,1273,Active
40,Customer40,Last40,customer40@example.com,917-555-0040,2025-01-01,1763,Active
41,Customer41,Last41,customer41@example.com,917-555-0041,2025-01-01,2757,Active
42,Customer42,Last42,customer42@example.com,917-555-0042,2025-01-01,837,Active
43,Customer43,Last43,customer43@example.com,917-555-0043,2025-01-01,759,Active
44,Customer44,Last44,customer44@example.com,917-555-0044,2025-01-01,3112,Active
45,Customer45,Last45,customer45@example.com,917-555-0045,2025-01-01,792,Active
46,Customer46,Last46,customer46@example.com,917-555-0046,2025-01-01,2940,Active
47,Customer47,Last47,customer47@example.com,917-555-0047,2025-01-01,2817,Active
48,Customer48,Last48,customer48@example.com,917-555-0048,2025-01-01,4945,Active
49,Customer49,Last49,customer49@example.com,917-555-0049,2025-01-01,2166,Active
50,Customer50,Last50,customer50@example.com,917-555-0050,2025-01-01,355,Active
51,Customer51,Last51,customer51@example.com,917-555-0051,2025-01-01,5977,Active
52,Customer52,Last52,customer52@example.com,917-555-0052,2025-01-01,3763,Active
53,Customer53,Last53,customer53@example.com,917-555-0053,2025-01-01,4392,Active
54,Customer54,Last54,customer54@example.com,917-555-0054,2025-01-01,1022,Active
55,Customer55,Last55,customer55@example.com,917-555-0055,2025-01-01,3100,Active
56,Customer56,Last56,customer56@example.com,917-555-0056,2025-01-01,645,Active
57,Customer57,Last57,customer57@example.com,917-555-0057,2025-01-01,4522,Active
58,Customer58,Last58,customer58@example.com,917-555-0058,2025-01-01,2401,Active
59,Customer59,Last59,customer59@example.com,917-555-0059,2025-01-01,5149,Active
60,Customer60,Last60,customer60@example.com,917-555-0060,2025-01-01,5066,Active
61,Customer61,Last61,customer61@example.com,917-555-0061,2025-01-01,2962,Active
62,Customer62,Last62,customer62@example.com,917-555-0062,2025-01-01,4729,Active
63,Customer63,Last63,customer63@example.com,917-555-0063,2025-01-01,1575,Active
64,Customer64,Last64,customer64@example.com,917-555-0064,2025-01-01,5771,Active
65,Customer65,Last65,customer65@example.com,917-555-0065,2025-01-01,569,Active
66,Customer66,Last66,customer66@example.com,917-555-0066,2025-01-01,375,Active
67,Customer67,Last67,customer67@example.com,917-555-0067,2025-01-01,5417,Active
68,Customer68,Last68,customer68@example.com,917-555-0068,2025-01-01,1866,Active
69,Customer69,Last69,customer69@example.com,917-555-0069,2025-01-01,2370,Active
70,Customer70,Last70,customer70@example.com,917-555-0070,2025-01-01,653,Active
71,Customer71,Last71,customer71@example.com,917-555-0071,2025-01-01,1907,Active
72,Customer72,Last72,customer72@example.com,917-555-0072,2025-01-01,827,Active
73,Customer73,Last73,customer73@example.com,917-555-0073,2025-01-01,3113,Active
74,Customer74,Last74,customer74@example.com,917-555-0074,2025-01-01,2277,Active
75,Customer75,Last75,customer75@example.com,917-555-0075,2025-01-01,3714,Active
76,Customer76,Last76,customer76@example.com,917-555-0076,2025-01-01,5207,Active
77,Customer77,Last77,customer77@example.com,917-555-0077,2025-01-01,2988,Active
78,Customer78,Last78,customer78@example.com,917-555-0078,2025-01-01,1332,Active
79,Customer79,Last79,customer79@example.com,917-555-0079,2025-01-01,3032,Active
80,Customer80,Last80,customer80@example.com,917-555-0080,2025-01-01,2910,Active
81,Customer81,Last81,customer81@example.com,917-555-0081,2025-01-01,1716,Active
82,Customer82,Last82,customer82@example.com,917-555-0082,2025-01-01,5490,Active
83,Customer83,Last83,customer83@example.com,917-555-0083,2025-01-01,2187,Active
84,Customer84,Last84,customer84@example.com,917-555-0084,2025-01-01,5749,Active
85,Customer85,Last85,customer85@example.com,917-555-0085,2025-01-01,5599,Active
86,Customer86,Last86,customer86@example.com,917-555-0086,2025-01-01,5308,Active
87,Customer87,Last87,customer87@example.com,917-555-0087,2025-01-01,584,Active
88,Customer88,Last88,customer88@example.com,917-555-0088,2025-01-01,4990,Active
89,Customer89,Last89,customer89@example.com,917-555-0089,2025-01-01,5201,Active
90,Customer90,Last90,customer90@example.com,917-555-0090,2025-01-01,1401,Active
91,Customer91,Last91,customer91@example.com,917-555-0091,2025-01-01,4375,Active
92,Customer92,Last92,customer92@example.com,917-555-0092,2025-01-01,5973,Active
93,Customer93,Last93,customer93@example.com,917-555-0093,2025-01-01,2005,Active
94,Customer94,Last94,customer94@example.com,917-555-0094,2025-01-01,1338,Active
95,Customer95,Last95,customer95@example.com,917-555-0095,2025-01-01,3786,Active
96,Customer96,Last96,customer96@example.com,917-555-0096,2025-01-01,3108,Active
97,Customer97,Last97,customer97@example.com,917-555-0097,2025-01-01,2211,Active
98,Customer98,Last98,customer98@example.com,917-555-0098,2025-01-01,5242,Active
99,Customer99,Last99,customer99@example.com,917-555-0099,2025-01-01,5637,Active
100,Customer100,Last100,customer100@example.com,917-555-0100,2025-01-01,4562,Active
101,Customer101,Last101,customer101@example.com,917-555-0101,2025-01-01,1799,Active
102,Customer102,Last102,customer102@example.com,917-555-0102,2025-01-01,5608,Active
103,Customer103,Last103,customer103@example.com,917-555-0103,2025-01-01,2656,Active
104,Customer104,Last104,customer104@example.com,917-555-0104,2025-01-01,458,Active
105,Customer105,Last105,customer105@example.com,917-555-0105,2025-01-01,1876,Active
106,Customer106,Last106,customer106@example.com,917-555-0106,2025-01-01,262,Active
107,Customer107,Last107,customer107@example.com,917-555-0107,2025-01-01,2584,Active
108,Customer108,Last108,customer108@example.com,917-555-0108,2025-01-01,3286,Active
109,Customer109,Last109,customer109@example.com,917-555-0109,2025-01-01,2193,Active
110,Customer110,Last110,customer110@example.com,917-555-0110,2025-01-01,542,Active
111,Customer111,Last111,customer111@example.com,917-555-0111,2025-01-01,1728,Active
112,Customer112,Last112,customer112@example.com,917-555-0112,2025-01-01,4646,Active
113,Customer113,Last113,customer113@example.com,917-555-0113,2025-01-01,5881,Active
114,Customer114,Last114,customer114@example.com,917-555-0114,2025-01-01,2577,Active
115,Customer115,Last115,customer115@example.com,917-555-0115,2025-01-01,1741,Active
116,Customer116,Last116,customer116@example.com,917-555-0116,2025-01-01,5369,Active
117,Customer117,Last117,customer117@example.com,917-555-0117,2025-01-01,4089,Active
118,Customer118,Last118,customer118@example.com,917-555-0118,2025-01-01,3241,Active
119,Customer119,Last119,customer119@example.com,917-555-0119,2025-01-01,5266,Active
120,Customer120,Last120,customer120@example.com,917-555-0120,2025-01-01,3758,Active
121,Customer121,Last121,customer121@example.com,917-555-0121,2025-01-01,1170,Active
122,Customer122,Last122,customer122@example.com,917-555-0122,2025-01-01,2169,Active
123,Customer123,Last123,customer123@example.com,917-555-0123,2025-01-01,1143,Active
124,Customer124,Last124,customer124@example.com,917-555-0124,2025-01-01,2020,Active
125,Customer125,Last125,customer125@example.com,917-555-0125,2025-01-01,4598,Active
126,Customer126,Last126,customer126@example.com,917-555-0126,2025-01-01,4415,Active
127,Customer127,Last127,customer127@example.com,917-555-0127,2025-01-01,2152,Active
128,Customer128,Last128,customer128@example.com,917-555-0128,2025-01-01,4788,Active
129,Customer129,Last129,customer129@example.com,917-555-0129,2025-01-01,3509,Active
130,Customer130,Last130,customer130@example.com,917-555-0130,2025-01-01,4780,Active
131,Customer131,Last131,customer131@example.com,917-555-0131,2025-01-01,3271,Active
132,Customer132,Last132,customer132@example.com,917-555-0132,2025-01-01,2965,Active
133,Customer133,Last133,customer133@example.com,917-555-0133,2025-01-01,1796,Active
134,Customer134,Last134,customer134@example.com,917-555-0134,2025-01-01,1133,Active
135,Customer135,Last135,customer135@example.com,917-555-0135,2025-01-01,4174,Active
136,Customer136,Last136,customer136@example.com,917-555-0136,2025-01-01,4042,Active
137,Customer137,Last137,customer137@example.com,917-555-0137,2025-01-01,744,Active
138,Customer138,Last138,customer138@example.com,917-555-0138,2025-01-01,385,Active
139,Customer139,Last139,customer139@example.com,917-555-0139,2025-01-01,898,Active
140,Customer140,Last140,customer140@example.com,917-555-0140,2025-01-01,1252,Active
141,Customer141,Last141,customer141@example.com,917-555-0141,2025-01-01,5140,Active
142,Customer142,Last142,customer142@example.com,917-555-0142,2025-01-01,1310,Active
143,Customer143,Last143,customer143@example.com,917-555-0143,2025-01-01,5574,Active
144,Customer144,Last144,customer144@example.com,917-555-0144,2025-01-01,3458,Active
145,Customer145,Last145,customer145@example.com,917-555-0145,2025-01-01,4885,Active
146,Customer146,Last146,customer146@example.com,917-555-0146,2025-01-01,520,Active
147,Customer147,Last147,customer147@example.com,917-555-0147,2025-01-01,3152,Active
148,Customer148,Last148,customer148@example.com,917-555-0148,2025-01-01,3126,Active
149,Customer149,Last149,customer149@example.com,917-555-0149,2025-01-01,4881,Active
150,Customer150,Last150,customer150@example.com,917-555-0150,2025-01-01,3834,Active
151,Customer151,Last151,customer151@example.com,917-555-0151,2025-01-01,4334,Active
152,Customer152,Last152,customer152@example.com,917-555-0152,2025-01-01,2059,Active
153,Customer153,Last153,customer153@example.com,917-555-0153,2025-01-01,4532,Active
154,Customer154,Last154,customer154@example.com,917-555-0154,2025-01-01,94,Active
155,Customer155,Last155,customer155@example.com,917-555-0155,2025-01-01,5572,Active
156,Customer156,Last156,customer156@example.com,917-555-0156,2025-01-01,5904,Active
157,Customer157,Last157,customer157@example.com,917-555-0157,2025-01-01,938,Active
158,Customer158,Last158,customer158@example.com,917-555-0158,2025-01-01,5584,Active
159,Customer159,Last159,customer159@example.com,917-555-0159,2025-01-01,4398,Active
160,Customer160,Last160,customer160@example.com,917-555-0160,2025-01-01,2185,Active
161,Customer161,Last161,customer161@example.com,917-555-0161,2025-01-01,5250,Active
162,Customer162,Last162,customer162@example.com,917-555-0162,2025-01-01,2786,Active
163,Customer163,Last163,customer163@example.com,917-555-0163,2025-01-01,913,Active
164,Customer164,Last164,customer164@example.com,917-555-0164,2025-01-01,2404,Active
165,Customer165,Last165,customer165@example.com,917-555-0165,2025-01-01,3561,Active
166,Customer166,Last166,customer166@example.com,917-555-0166,2025-01-01,1295,Active
167,Customer167,Last167,customer167@example.com,917-555-0167,2025-01-01,3716,Active
168,Customer168,Last168,customer168@example.com,917-555-0168,2025-01-01,26,Active
169,Customer169,Last169,customer169@example.com,917-555-0169,2025-01-01,5915,Active
170,Customer170,Last170,customer170@example.com,917-555-0170,2025-01-01,5895,Active
171,Customer171,Last171,customer171@example.com,917-555-0171,2025-01-01,2157,Active
172,Customer172,Last172,customer172@example.com,917-555-0172,2025-01-01,4100,Active
173,Customer173,Last173,customer173@example.com,917-555-0173,2025-01-01,1463,Active
174,Customer174,Last174,customer174@example.com,917-555-0174,2025-01-01,4158,Active
175,Customer175,Last175,customer175@example.com,917-555-0175,2025-01-01,871,Active
176,Customer176,Last176,customer176@example.com,917-555-0176,2025-01-01,5122,Active
177,Customer177,Last177,customer177@example.com,917-555-0177,2025-01-01,2444,Active
178,Customer178,Last178,customer178@example.com,917-555-0178,2025-01-01,5234,Active
179,Customer179,Last179,customer179@example.com,917-555-0179,2025-01-01,4158,Active
180,Customer180,Last180,customer180@example.com,917-555-0180,2025-01-01,4988,Active
181,Customer181,Last181,customer181@example.com,917-555-0181,2025-01-01,1629,Active
182,Customer182,Last182,customer182@example.com,917-555-0182,2025-01-01,1252,Active
183,Customer183,Last183,customer183@example.com,917-555-0183,2025-01-01,3063,Active
184,Customer184,Last184,customer184@example.com,917-555-0184,2025-01-01,1323,Active
185,Customer185,Last185,customer185@example.com,917-555-0185,2025-01-01,4418,Active
186,Customer186,Last186,customer186@example.com,917-555-0186,2025-01-01,4344,Active
187,Customer187,Last187,customer187@example.com,917-555-0187,2025-01-01,4,Active
188,Customer188,Last188,customer188@example.com,917-555-0188,2025-01-01,4906,Active
189,Customer189,Last189,customer189@example.com,917-555-0189,2025-01-01,2655,Active
190,Customer190,Last190,customer190@example.com,917-555-0190,2025-01-01,4002,Active
191,Customer191,Last191,customer191@example.com,917-555-0191,2025-01-01,159,Active
192,Customer192,Last192,customer192@example.com,917-555-0192,2025-01-01,916,Active
193,Customer193,Last193,customer193@example.com,917-555-0193,2025-01-01,2973,Active
194,Customer194,Last194,customer194@example.com,917-555-0194,2025-01-01,2519,Active
195,Customer195,Last195,customer195@example.com,917-555-0195,2025-01-01,1961,Active
196,Customer196,Last196,customer196@example.com,917-555-0196,2025-01-01,474,Active
197,Customer197,Last197,customer197@example.com,917-555-0197,2025-01-01,1973,Active
198,Customer198,Last198,customer198@example.com,917-555-0198,2025-01-01,4647,Active
199,Customer199,Last199,customer199@example.com,917-555-0199,2025-01-01,645,Active
200,Customer200,Last200,customer200@example.com,917-555-0200,2025-01-01,701,Active
201,Customer201,Last201,customer201@example.com,917-555-0201,2025-01-01,5995,Active
202,Customer202,Last202,customer202@example.com,917-555-0202,2025-01-01,3981,Active
203,Customer203,Last203,customer203@example.com,917-555-0203,2025-01-01,566,Active
204,Customer204,Last204,customer204@example.com,917-555-0204,2025-01-01,4363,Active
205,Customer205,Last205,customer205@example.com,917-555-0205,2025-01-01,1030,Active
206,Customer206,Last206,customer206@example.com,917-555-0206,2025-01-01,1051,Active
207,Customer207,Last207,customer207@example.com,917-555-0207,2025-01-01,5404,Active
208,Customer208,Last208,customer208@example.com,917-555-0208,2025-01-01,3893,Active
209,Customer209,Last209,customer209@example.com,917-555-0209,2025-01-01,4503,Active
210,Customer210,Last210,customer210@example.com,917-555-0210,2025-01-01,1352,Active
211,Customer211,Last211,customer211@example.com,917-555-0211,2025-01-01,2171,Active
212,Customer212,Last212,customer212@example.com,917-555-0212,2025-01-01,4322,Active
213,Customer213,Last213,customer213@example.com,917-555-0213,2025-01-01,4969,Active
214,Customer214,Last214,customer214@example.com,917-555-0214,2025-01-01,3466,Active
215,Customer215,Last215,customer215@example.com,917-555-0215,2025-01-01,1735,Active
216,Customer216,Last216,customer216@example.com,917-555-0216,2025-01-01,4417,Active
217,Customer217,Last217,customer217@example.com,917-555-0217,2025-01-01,5979,Active
218,Customer218,Last218,customer218@example.com,917-555-0218,2025-01-01,5651,Active
219,Customer219,Last219,customer219@example.com,917-555-0219,2025-01-01,1647,Active
220,Customer220,Last220,customer220@example.com,917-555-0220,2025-01-01,5840,Active
221,Customer221,Last221,customer221@example.com,917-555-0221,2025-01-01,2553,Active
222,Customer222,Last222,customer222@example.com,917-555-0222,2025-01-01,3268,Active
223,Customer223,Last223,customer223@example.com,917-555-0223,2025-01-01,5502,Active
224,Customer224,Last224,customer224@example.com,917-555-0224,2025-01-01,5323,Active
225,Customer225,Last225,customer225@example.com,917-555-0225,2025-01-01,3059,Active
226,Customer226,Last226,customer226@example.com,917-555-0226,2025-01-01,3588,Active
227,Customer227,Last227,customer227@example.com,917-555-0227,2025-01-01,4239,Active
228,Customer228,Last228,customer228@example.com,917-555-0228,2025-01-01,3698,Active
229,Customer229,Last229,customer229@example.com,917-555-0229,2025-01-01,991,Active
230,Customer230,Last230,customer230@example.com,917-555-0230,2025-01-01,2030,Active
231,Customer231,Last231,customer231@example.com,917-555-0231,2025-01-01,1840,Active
232,Customer232,Last232,customer232@example.com,917-555-0232,2025-01-01,524,Active
233,Customer233,Last233,customer233@example.com,917-555-0233,2025-01-01,2769,Active
234,Customer234,Last234,customer234@example.com,917-555-0234,2025-01-01,172,Active
235,Customer235,Last235,customer235@example.com,917-555-0235,2025-01-01,4819,Active
236,Customer236,Last236,customer236@example.com,917-555-0236,2025-01-01,4537,Active
237,Customer237,Last237,customer237@example.com,917-555-0237,2025-01-01,1885,Active
238,Customer238,Last238,customer238@example.com,917-555-0238,2025-01-01,4820,Active
239,Customer239,Last239,customer239@example.com,917-555-0239,2025-01-01,1804,Active
240,Customer240,Last240,customer240@example.com,917-555-0240,2025-01-01,58,Active
241,Customer241,Last241,customer241@example.com,917-555-0241,2025-01-01,581,Active
242,Customer242,Last242,customer242@example.com,917-555-0242,2025-01-01,5798,Active
243,Customer243,Last243,customer243@example.com,917-555-0243,2025-01-01,5169,Active
244,Customer244,Last244,customer244@example.com,917-555-0244,2025-01-01,482,Active
245,Customer245,Last245,customer245@example.com,917-555-0245,2025-01-01,1875,Active
246,Customer246,Last246,customer246@example.com,917-555-0246,2025-01-01,552,Active
247,Customer247,Last247,customer247@example.com,917-555-0247,2025-01-01,257,Active
248,Customer248,Last248,customer248@example.com,917-555-0248,2025-01-01,2706,Active
249,Customer249,Last249,customer249@example.com,917-555-0249,2025-01-01,580,Active
250,Customer250,Last250,customer250@example.com,917-555-0250,2025-01-01,4211,Active
251,Customer251,Last251,customer251@example.com,917-555-0251,2025-01-01,1949,Active
252,Customer252,Last252,customer252@example.com,917-555-0252,2025-01-01,2281,Active
253,Customer253,Last253,customer253@example.com,917-555-0253,2025-01-01,5480,Active
254,Customer254,Last254,customer254@example.com,917-555-0254,2025-01-01,3976,Active
255,Customer255,Last255,customer255@example.com,917-555-0255,2025-01-01,1755,Active
256,Customer256,Last256,customer256@example.com,917-555-0256,2025-01-01,4417,Active
257,Customer257,Last257,customer257@example.com,917-555-0257,2025-01-01,1083,Active
258,Customer258,Last258,customer258@example.com,917-555-0258,2025-01-01,5925,Active
259,Customer259,Last259,customer259@example.com,917-555-0259,2025-01-01,4677,Active
260,Customer260,Last260,customer260@example.com,917-555-0260,2025-01-01,4720,Active
261,Customer261,Last261,customer261@example.com,917-555-0261,2025-01-01,3872,Active
262,Customer262,Last262,customer262@example.com,917-555-0262,2025-01-01,1990,Active
263,Customer263,Last263,customer263@example.com,917-555-0263,2025-01-01,3874,Active
264,Customer264,Last264,customer264@example.com,917-555-0264,2025-01-01,3334,Active
265,Customer265,Last265,customer265@example.com,917-555-0265,2025-01-01,1559,Active
266,Customer266,Last266,customer266@example.com,917-555-0266,2025-01-01,772,Active
267,Customer267,Last267,customer267@example.com,917-555-0267,2025-01-01,794,Active
268,Customer268,Last268,customer268@example.com,917-555-0268,2025-01-01,5398,Active
269,Customer269,Last269,customer269@example.com,917-555-0269,2025-01-01,3531,Active
270,Customer270,Last270,customer270@example.com,917-555-0270,2025-01-01,2902,Active
271,Customer271,Last271,customer271@example.com,917-555-0271,2025-01-01,3469,Active
272,Customer272,Last272,customer272@example.com,917-555-0272,2025-01-01,3367,Active
273,Customer273,Last273,customer273@example.com,917-555-0273,2025-01-01,3825,Active
274,Customer274,Last274,customer274@example.com,917-555-0274,2025-01-01,5972,Active
275,Customer275,Last275,customer275@example.com,917-555-0275,2025-01-01,443,Active
276,Customer276,Last276,customer276@example.com,917-555-0276,2025-01-01,5516,Active
277,Customer277,Last277,customer277@example.com,917-555-0277,2025-01-01,5353,Active
278,Customer278,Last278,customer278@example.com,917-555-0278,2025-01-01,5293,Active
279,Customer279,Last279,customer279@example.com,917-555-0279,2025-01-01,806,Active
280,Customer280,Last280,customer280@example.com,917-555-0280,2025-01-01,496,Active
281,Customer281,Last281,customer281@example.com,917-555-0281,2025-01-01,3298,Active
282,Customer282,Last282,customer282@example.com,917-555-0282,2025-01-01,5965,Active
283,Customer283,Last283,customer283@example.com,917-555-0283,2025-01-01,2779,Active
284,Customer284,Last284,customer284@example.com,917-555-0284,2025-01-01,895,Active
285,Customer285,Last285,customer285@example.com,917-555-0285,2025-01-01,2036,Active
286,Customer286,Last286,customer286@example.com,917-555-0286,2025-01-01,1569,Active
287,Customer287,Last287,customer287@example.com,917-555-0287,2025-01-01,1558,Active
288,Customer288,Last288,customer288@example.com,917-555-0288,2025-01-01,4393,Active
289,Customer289,Last289,customer289@example.com,917-555-0289,2025-01-01,3675,Active
290,Customer290,Last290,customer290@example.com,917-555-0290,2025-01-01,1148,Active
291,Customer291,Last291,customer291@example.com,917-555-0291,2025-01-01,3456,Active
292,Customer292,Last292,customer292@example.com,917-555-0292,2025-01-01,1503,Active
293,Customer293,Last293,customer293@example.com,917-555-0293,2025-01-01,2281,Active
294,Customer294,Last294,customer294@example.com,917-555-0294,2025-01-01,3789,Active
295,Customer295,Last295,customer295@example.com,917-555-0295,2025-01-01,2046,Active
296,Customer296,Last296,customer296@example.com,917-555-0296,2025-01-01,617,Active
297,Customer297,Last297,customer297@example.com,917-555-0297,2025-01-01,3630,Active
298,Customer298,Last298,customer298@example.com,917-555-0298,2025-01-01,4508,Active
299,Customer299,Last299,customer299@example.com,917-555-0299,2025-01-01,802,Active
300,Customer300,Last300,customer300@example.com,917-555-0300,2025-01-01,414,Active
301,Customer301,Last301,customer301@example.com,917-555-0301,2025-01-01,5342,Active
302,Customer302,Last302,customer302@example.com,917-555-0302,2025-01-01,4428,Active
303,Customer303,Last303,customer303@example.com,917-555-0303,2025-01-01,120,Active
304,Customer304,Last304,customer304@example.com,917-555-0304,2025-01-01,764,Active
305,Customer305,Last305,customer305@example.com,917-555-0305,2025-01-01,1936,Active
306,Customer306,Last306,customer306@example.com,917-555-0306,2025-01-01,1362,Active
307,Customer307,Last307,customer307@example.com,917-555-0307,2025-01-01,3329,Active
308,Customer308,Last308,customer308@example.com,917-555-0308,2025-01-01,3978,Active
309,Customer309,Last309,customer309@example.com,917-555-0309,2025-01-01,3943,Active
310,Customer310,Last310,customer310@example.com,917-555-0310,2025-01-01,1751,Active
311,Customer311,Last311,customer311@example.com,917-555-0311,2025-01-01,3285,Active
312,Customer312,Last312,customer312@example.com,917-555-0312,2025-01-01,480,Active
313,Customer313,Last313,customer313@example.com,917-555-0313,2025-01-01,1348,Active
314,Customer314,Last314,customer314@example.com,917-555-0314,2025-01-01,3104,Active
315,Customer315,Last315,customer315@example.com,917-555-0315,2025-01-01,17,Active
316,Customer316,Last316,customer316@example.com,917-555-0316,2025-01-01,3198,Active
317,Customer317,Last317,customer317@example.com,917-555-0317,2025-01-01,2172,Active
318,Customer318,Last318,customer318@example.com,917-555-0318,2025-01-01,3727,Active
319,Customer319,Last319,customer319@example.com,917-555-0319,2025-01-01,2336,Active
320,Customer320,Last320,customer320@example.com,917-555-0320,2025-01-01,3465,Active
321,Customer321,Last321,customer321@example.com,917-555-0321,2025-01-01,5706,Active
322,Customer322,Last322,customer322@example.com,917-555-0322,2025-01-01,5984,Active
323,Customer323,Last323,customer323@example.com,917-555-0323,2025-01-01,4552,Active
324,Customer324,Last324,customer324@example.com,917-555-0324,2025-01-01,5422,Active
325,Customer325,Last325,customer325@example.com,917-555-0325,2025-01-01,5885,Active
326,Customer326,Last326,customer326@example.com,917-555-0326,2025-01-01,3986,Active
327,Customer327,Last327,customer327@example.com,917-555-0327,2025-01-01,1268,Active
328,Customer328,Last328,customer328@example.com,917-555-0328,2025-01-01,1555,Active
329,Customer329,Last329,customer329@example.com,917-555-0329,2025-01-01,2430,Active
330,Customer330,Last330,customer330@example.com,917-555-0330,2025-01-01,1783,Active
331,Customer331,Last331,customer331@example.com,917-555-0331,2025-01-01,479,Active
332,Customer332,Last332,customer332@example.com,917-555-0332,2025-01-01,4744,Active
333,Customer333,Last333,customer333@example.com,917-555-0333,2025-01-01,4441,Active
334,Customer334,Last334,customer334@example.com,917-555-0334,2025-01-01,499,Active
335,Customer335,Last335,customer335@example.com,917-555-0335,2025-01-01,2569,Active
336,Customer336,Last336,customer336@example.com,917-555-0336,2025-01-01,468,Active
337,Customer337,Last337,customer337@example.com,917-555-0337,2025-01-01,410,Active
338,Customer338,Last338,customer338@example.com,917-555-0338,2025-01-01,4785,Active
339,Customer339,Last339,customer339@example.com,917-555-0339,2025-01-01,3905,Active
340,Customer340,Last340,customer340@example.com,917-555-0340,2025-01-01,4119,Active
341,Customer341,Last341,customer341@example.com,917-555-0341,2025-01-01,4350,Active
342,Customer342,Last342,customer342@example.com,917-555-0342,2025-01-01,1289,Active
343,Customer343,Last343,customer343@example.com,917-555-0343,2025-01-01,465,Active
344,Customer344,Last344,customer344@example.com,917-555-0344,2025-01-01,4160,Active
345,Customer345,Last345,customer345@example.com,917-555-0345,2025-01-01,656,Active
346,Customer346,Last346,customer346@example.com,917-555-0346,2025-01-01,1522,Active
347,Customer347,Last347,customer347@example.com,917-555-0347,2025-01-01,561,Active
348,Customer348,Last348,customer348@example.com,917-555-0348,2025-01-01,4874,Active
349,Customer349,Last349,customer349@example.com,917-555-0349,2025-01-01,556,Active
350,Customer350,Last350,customer350@example.com,917-555-0350,2025-01-01,5531,Active
351,Customer351,Last351,customer351@example.com,917-555-0351,2025-01-01,1926,Active
352,Customer352,Last352,customer352@example.com,917-555-0352,2025-01-01,3307,Active
353,Customer353,Last353,customer353@example.com,917-555-0353,2025-01-01,982,Active
354,Customer354,Last354,customer354@example.com,917-555-0354,2025-01-01,4666,Active
355,Customer355,Last355,customer355@example.com,917-555-0355,2025-01-01,2016,Active
356,Customer356,Last356,customer356@example.com,917-555-0356,2025-01-01,4742,Active
357,Customer357,Last357,customer357@example.com,917-555-0357,2025-01-01,4870,Active
358,Customer358,Last358,customer358@example.com,917-555-0358,2025-01-01,325,Active
359,Customer359,Last359,customer359@example.com,917-555-0359,2025-01-01,5073,Active
360,Customer360,Last360,customer360@example.com,917-555-0360,2025-01-01,671,Active
361,Customer361,Last361,customer361@example.com,917-555-0361,2025-01-01,3434,Active
362,Customer362,Last362,customer362@example.com,917-555-0362,2025-01-01,5385,Active
363,Customer363,Last363,customer363@example.com,917-555-0363,2025-01-01,4781,Active
364,Customer364,Last364,customer364@example.com,917-555-0364,2025-01-01,4630,Active
365,Customer365,Last365,customer365@example.com,917-555-0365,2025-01-01,4282,Active
366,Customer366,Last366,customer366@example.com,917-555-0366,2025-01-01,2591,Active
367,Customer367,Last367,customer367@example.com,917-555-0367,2025-01-01,2136,Active
368,Customer368,Last368,customer368@example.com,917-555-0368,2025-01-01,1673,Active
369,Customer369,Last369,customer369@example.com,917-555-0369,2025-01-01,5486,Active
370,Customer370,Last370,customer370@example.com,917-555-0370,2025-01-01,5867,Active
371,Customer371,Last371,customer371@example.com,917-555-0371,2025-01-01,2573,Active
372,Customer372,Last372,customer372@example.com,917-555-0372,2025-01-01,1955,Active
373,Customer373,Last373,customer373@example.com,917-555-0373,2025-01-01,2175,Active
374,Customer374,Last374,customer374@example.com,917-555-0374,2025-01-01,3242,Active
375,Customer375,Last375,customer375@example.com,917-555-0375,2025-01-01,1072,Active
376,Customer376,Last376,customer376@example.com,917-555-0376,2025-01-01,5502,Active
377,Customer377,Last377,customer377@example.com,917-555-0377,2025-01-01,5287,Active
378,Customer378,Last378,customer378@example.com,917-555-0378,2025-01-01,2457,Active
379,Customer379,Last379,customer379@example.com,917-555-0379,2025-01-01,3745,Active
380,Customer380,Last380,customer380@example.com,917-555-0380,2025-01-01,2590,Active
381,Customer381,Last381,customer381@example.com,917-555-0381,2025-01-01,594,Active
382,Customer382,Last382,customer382@example.com,917-555-0382,2025-01-01,76,Active
383,Customer383,Last383,customer383@example.com,917-555-0383,2025-01-01,3754,Active
384,Customer384,Last384,customer384@example.com,917-555-0384,2025-01-01,5088,Active
385,Customer385,Last385,customer385@example.com,917-555-0385,2025-01-01,4612,Active
386,Customer386,Last386,customer386@example.com,917-555-0386,2025-01-01,819,Active
387,Customer387,Last387,customer387@example.com,917-555-0387,2025-01-01,600,Active
388,Customer388,Last388,customer388@example.com,917-555-0388,2025-01-01,4404,Active
389,Customer389,Last389,customer389@example.com,917-555-0389,2025-01-01,1746,Active
390,Customer390,Last390,customer390@example.com,917-555-0390,2025-01-01,4144,Active
391,Customer391,Last391,customer391@example.com,917-555-0391,2025-01-01,2172,Active
392,Customer392,Last392,customer392@example.com,917-555-0392,2025-01-01,1085,Active
393,Customer393,Last393,customer393@example.com,917-555-0393,2025-01-01,2859,Active
394,Customer394,Last394,customer394@example.com,917-555-0394,2025-01-01,563,Active
395,Customer395,Last395,customer395@example.com,917-555-0395,2025-01-01,2001,Active
396,Customer396,Last396,customer396@example.com,917-555-0396,2025-01-01,3027,Active
397,Customer397,Last397,customer397@example.com,917-555-0397,2025-01-01,2334,Active
398,Customer398,Last398,customer398@example.com,917-555-0398,2025-01-01,1292,Active
399,Customer399,Last399,customer399@example.com,917-555-0399,2025-01-01,3589,Active
400,Customer400,Last400,customer400@example.com,917-555-0400,2025-01-01,4450,Active
401,Customer401,Last401,customer401@example.com,917-555-0401,2025-01-01,5763,Active
402,Customer402,Last402,customer402@example.com,917-555-0402,2025-01-01,2478,Active
403,Customer403,Last403,customer403@example.com,917-555-0403,2025-01-01,5010,Active
404,Customer404,Last404,customer404@example.com,917-555-0404,2025-01-01,5357,Active
405,Customer405,Last405,customer405@example.com,917-555-0405,2025-01-01,4333,Active
406,Customer406,Last406,customer406@example.com,917-555-0406,2025-01-01,64,Active
407,Customer407,Last407,customer407@example.com,917-555-0407,2025-01-01,5471,Active
408,Customer408,Last408,customer408@example.com,917-555-0408,2025-01-01,4543,Active
409,Customer409,Last409,customer409@example.com,917-555-0409,2025-01-01,2452,Active
410,Customer410,Last410,customer410@example.com,917-555-0410,2025-01-01,5434,Active
411,Customer411,Last411,customer411@example.com,917-555-0411,2025-01-01,848,Active
412,Customer412,Last412,customer412@example.com,917-555-0412,2025-01-01,1100,Active
413,Customer413,Last413,customer413@example.com,917-555-0413,2025-01-01,2166,Active
414,Customer414,Last414,customer414@example.com,917-555-0414,2025-01-01,945,Active
415,Customer415,Last415,customer415@example.com,917-555-0415,2025-01-01,876,Active
416,Customer416,Last416,customer416@example.com,917-555-0416,2025-01-01,4532,Active
417,Customer417,Last417,customer417@example.com,917-555-0417,2025-01-01,1273,Active
418,Customer418,Last418,customer418@example.com,917-555-0418,2025-01-01,2231,Active
419,Customer419,Last419,customer419@example.com,917-555-0419,2025-01-01,2308,Active
420,Customer420,Last420,customer420@example.com,917-555-0420,2025-01-01,4954,Active
421,Customer421,Last421,customer421@example.com,917-555-0421,2025-01-01,1725,Active
422,Customer422,Last422,customer422@example.com,917-555-0422,2025-01-01,5878,Active
423,Customer423,Last423,customer423@example.com,917-555-0423,2025-01-01,2808,Active
424,Customer424,Last424,customer424@example.com,917-555-0424,2025-01-01,1667,Active
425,Customer425,Last425,customer425@example.com,917-555-0425,2025-01-01,5631,Active
426,Customer426,Last426,customer426@example.com,917-555-0426,2025-01-01,5195,Active
427,Customer427,Last427,customer427@example.com,917-555-0427,2025-01-01,2162,Active
428,Customer428,Last428,customer428@example.com,917-555-0428,2025-01-01,4140,Active
429,Customer429,Last429,customer429@example.com,917-555-0429,2025-01-01,4002,Active
430,Customer430,Last430,customer430@example.com,917-555-0430,2025-01-01,2057,Active
431,Customer431,Last431,customer431@example.com,917-555-0431,2025-01-01,416,Active
432,Customer432,Last432,customer432@example.com,917-555-0432,2025-01-01,756,Active
433,Customer433,Last433,customer433@example.com,917-555-0433,2025-01-01,5196,Active
434,Customer434,Last434,customer434@example.com,917-555-0434,2025-01-01,3469,Active
435,Customer435,Last435,customer435@example.com,917-555-0435,2025-01-01,2266,Active
436,Customer436,Last436,customer436@example.com,917-555-0436,2025-01-01,361,Active
437,Customer437,Last437,customer437@example.com,917-555-0437,2025-01-01,29,Active
438,Customer438,Last438,customer438@example.com,917-555-0438,2025-01-01,2732,Active
439,Customer439,Last439,customer439@example.com,917-555-0439,2025-01-01,1071,Active
440,Customer440,Last440,customer440@example.com,917-555-0440,2025-01-01,5219,Active
441,Customer441,Last441,customer441@example.com,917-555-0441,2025-01-01,2145,Active
442,Customer442,Last442,customer442@example.com,917-555-0442,2025-01-01,1323,Active
443,Customer443,Last443,customer443@example.com,917-555-0443,2025-01-01,3619,Active
444,Customer444,Last444,customer444@example.com,917-555-0444,2025-01-01,4519,Active
445,Customer445,Last445,customer445@example.com,917-555-0445,2025-01-01,5780,Active
446,Customer446,Last446,customer446@example.com,917-555-0446,2025-01-01,3503,Active
447,Customer447,Last447,customer447@example.com,917-555-0447,2025-01-01,4594,Active
448,Customer448,Last448,customer448@example.com,917-555-0448,2025-01-01,79,Active
449,Customer449,Last449,customer449@example.com,917-555-0449,2025-01-01,916,Active
450,Customer450,Last450,customer450@example.com,917-555-0450,2025-01-01,616,Active
451,Customer451,Last451,customer451@example.com,917-555-0451,2025-01-01,5660,Active
452,Customer452,Last452,customer452@example.com,917-555-0452,2025-01-01,1221,Active
453,Customer453,Last453,customer453@example.com,917-555-0453,2025-01-01,4469,Active
454,Customer454,Last454,customer454@example.com,917-555-0454,2025-01-01,295,Active
455,Customer455,Last455,customer455@example.com,917-555-0455,2025-01-01,3024,Active
456,Customer456,Last456,customer456@example.com,917-555-0456,2025-01-01,4771,Active
457,Customer457,Last457,customer457@example.com,917-555-0457,2025-01-01,4526,Active
458,Customer458,Last458,customer458@example.com,917-555-0458,2025-01-01,1213,Active
459,Customer459,Last459,customer459@example.com,917-555-0459,2025-01-01,3520,Active
460,Customer460,Last460,customer460@example.com,917-555-0460,2025-01-01,1044,Active
461,Customer461,Last461,customer461@example.com,917-555-0461,2025-01-01,342,Active
462,Customer462,Last462,customer462@example.com,917-555-0462,2025-01-01,2525,Active
463,Customer463,Last463,customer463@example.com,917-555-0463,2025-01-01,2987,Active
464,Customer464,Last464,customer464@example.com,917-555-0464,2025-01-01,326,Active
465,Customer465,Last465,customer465@example.com,917-555-0465,2025-01-01,2931,Active
466,Customer466,Last466,customer466@example.com,917-555-0466,2025-01-01,1720,Active
467,Customer467,Last467,customer467@example.com,917-555-0467,2025-01-01,5587,Active
468,Customer468,Last468,customer468@example.com,917-555-0468,2025-01-01,2044,Active
469,Customer469,Last469,customer469@example.com,917-555-0469,2025-01-01,5463,Active
470,Customer470,Last470,customer470@example.com,917-555-0470,2025-01-01,842,Active
471,Customer471,Last471,customer471@example.com,917-555-0471,2025-01-01,2897,Active
472,Customer472,Last472,customer472@example.com,917-555-0472,2025-01-01,4586,Active
473,Customer473,Last473,customer473@example.com,917-555-0473,2025-01-01,3329,Active
474,Customer474,Last474,customer474@example.com,917-555-0474,2025-01-01,5084,Active
475,Customer475,Last475,customer475@example.com,917-555-0475,2025-01-01,1266,Active
476,Customer476,Last476,customer476@example.com,917-555-0476,2025-01-01,1939,Active
477,Customer477,Last477,customer477@example.com,917-555-0477,2025-01-01,1331,Active
478,Customer478,Last478,customer478@example.com,917-555-0478,2025-01-01,1450,Active
479,Customer479,Last479,customer479@example.com,917-555-0479,2025-01-01,3377,Active
480,Customer480,Last480,customer480@example.com,917-555-0480,2025-01-01,203,Active
481,Customer481,Last481,customer481@example.com,917-555-0481,2025-01-01,1469,Active
482,Customer482,Last482,customer482@example.com,917-555-0482,2025-01-01,2721,Active
483,Customer483,Last483,customer483@example.com,917-555-0483,2025-01-01,3372,Active
484,Customer484,Last484,customer484@example.com,917-555-0484,2025-01-01,5487,Active
485,Customer485,Last485,customer485@example.com,917-555-0485,2025-01-01,2032,Active
486,Customer486,Last486,customer486@example.com,917-555-0486,2025-01-01,2185,Active
487,Customer487,Last487,customer487@example.com,917-555-0487,2025-01-01,1304,Active
488,Customer488,Last488,customer488@example.com,917-555-0488,2025-01-01,5744,Active
489,Customer489,Last489,customer489@example.com,917-555-0489,2025-01-01,885,Active
490,Customer490,Last490,customer490@example.com,917-555-0490,2025-01-01,3133,Active
491,Customer491,Last491,customer491@example.com,917-555-0491,2025-01-01,317,Active
492,Customer492,Last492,customer492@example.com,917-555-0492,2025-01-01,3855,Active
493,Customer493,Last493,customer493@example.com,917-555-0493,2025-01-01,1822,Active
494,Customer494,Last494,customer494@example.com,917-555-0494,2025-01-01,1634,Active
495,Customer495,Last495,customer495@example.com,917-555-0495,2025-01-01,3770,Active
496,Customer496,Last496,customer496@example.com,917-555-0496,2025-01-01,2864,Active
497,Customer497,Last497,customer497@example.com,917-555-0497,2025-01-01,2500,Active
498,Customer498,Last498,customer498@example.com,917-555-0498,2025-01-01,1864,Active
499,Customer499,Last499,customer499@example.com,917-555-0499,2025-01-01,1826,Active
500,Customer500,Last500,customer500@example.com,917-555-0500,2025-01-01,193,Active
501,Customer501,Last501,customer501@example.com,917-555-0501,2025-01-01,5406,Active
502,Customer502,Last502,customer502@example.com,917-555-0502,2025-01-01,1582,Active
503,Customer503,Last503,customer503@example.com,917-555-0503,2025-01-01,3264,Active
504,Customer504,Last504,customer504@example.com,917-555-0504,2025-01-01,2689,Active
505,Customer505,Last505,customer505@example.com,917-555-0505,2025-01-01,2282,Active
506,Customer506,Last506,customer506@example.com,917-555-0506,2025-01-01,568,Active
507,Customer507,Last507,customer507@example.com,917-555-0507,2025-01-01,2286,Active
508,Customer508,Last508,customer508@example.com,917-555-0508,2025-01-01,2876,Active
509,Customer509,Last509,customer509@example.com,917-555-0509,2025-01-01,5255,Active
510,Customer510,Last510,customer510@example.com,917-555-0510,2025-01-01,4173,Active
511,Customer511,Last511,customer511@example.com,917-555-0511,2025-01-01,3274,Active
512,Customer512,Last512,customer512@example.com,917-555-0512,2025-01-01,5566,Active
513,Customer513,Last513,customer513@example.com,917-555-0513,2025-01-01,4392,Active
514,Customer514,Last514,customer514@example.com,917-555-0514,2025-01-01,2712,Active
515,Customer515,Last515,customer515@example.com,917-555-0515,2025-01-01,226,Active
516,Customer516,Last516,customer516@example.com,917-555-0516,2025-01-01,944,Active
517,Customer517,Last517,customer517@example.com,917-555-0517,2025-01-01,2139,Active
518,Customer518,Last518,customer518@example.com,917-555-0518,2025-01-01,1462,Active
519,Customer519,Last519,customer519@example.com,917-555-0519,2025-01-01,4756,Active
520,Customer520,Last520,customer520@example.com,917-555-0520,2025-01-01,2174,Active
521,Customer521,Last521,customer521@example.com,917-555-0521,2025-01-01,313,Active
522,Customer522,Last522,customer522@example.com,917-555-0522,2025-01-01,888,Active
523,Customer523,Last523,customer523@example.com,917-555-0523,2025-01-01,4887,Active
524,Customer524,Last524,customer524@example.com,917-555-0524,2025-01-01,3559,Active
525,Customer525,Last525,customer525@example.com,917-555-0525,2025-01-01,2831,Active
526,Customer526,Last526,customer526@example.com,917-555-0526,2025-01-01,5968,Active
527,Customer527,Last527,customer527@example.com,917-555-0527,2025-01-01,2569,Active
528,Customer528,Last528,customer528@example.com,917-555-0528,2025-01-01,3574,Active
529,Customer529,Last529,customer529@example.com,917-555-0529,2025-01-01,4966,Active
530,Customer530,Last530,customer530@example.com,917-555-0530,2025-01-01,4189,Active
531,Customer531,Last531,customer531@example.com,917-555-0531,2025-01-01,947,Active
532,Customer532,Last532,customer532@example.com,917-555-0532,2025-01-01,3155,Active
533,Customer533,Last533,customer533@example.com,917-555-0533,2025-01-01,4723,Active
534,Customer534,Last534,customer534@example.com,917-555-0534,2025-01-01,1557,Active
535,Customer535,Last535,customer535@example.com,917-555-0535,2025-01-01,2086,Active
536,Customer536,Last536,customer536@example.com,917-555-0536,2025-01-01,363,Active
537,Customer537,Last537,customer537@example.com,917-555-0537,2025-01-01,5806,Active
538,Customer538,Last538,customer538@example.com,917-555-0538,2025-01-01,3572,Active
539,Customer539,Last539,customer539@example.com,917-555-0539,2025-01-01,13,Active
540,Customer540,Last540,customer540@example.com,917-555-0540,2025-01-01,4259,Active
541,Customer541,Last541,customer541@example.com,917-555-0541,2025-01-01,4410,Active
542,Customer542,Last542,customer542@example.com,917-555-0542,2025-01-01,5626,Active
543,Customer543,Last543,customer543@example.com,917-555-0543,2025-01-01,5893,Active
544,Customer544,Last544,customer544@example.com,917-555-0544,2025-01-01,5493,Active
545,Customer545,Last545,customer545@example.com,917-555-0545,2025-01-01,1614,Active
546,Customer546,Last546,customer546@example.com,917-555-0546,2025-01-01,2983,Active
547,Customer547,Last547,customer547@example.com,917-555-0547,2025-01-01,3533,Active
548,Customer548,Last548,customer548@example.com,917-555-0548,2025-01-01,573,Active
549,Customer549,Last549,customer549@example.com,917-555-0549,2025-01-01,5441,Active
550,Customer550,Last550,customer550@example.com,917-555-0550,2025-01-01,2704,Active
551,Customer551,Last551,customer551@example.com,917-555-0551,2025-01-01,5104,Active
552,Customer552,Last552,customer552@example.com,917-555-0552,2025-01-01,2571,Active
553,Customer553,Last553,customer553@example.com,917-555-0553,2025-01-01,5434,Active
554,Customer554,Last554,customer554@example.com,917-555-0554,2025-01-01,1020,Active
555,Customer555,Last555,customer555@example.com,917-555-0555,2025-01-01,5896,Active
556,Customer556,Last556,customer556@example.com,917-555-0556,2025-01-01,2460,Active
557,Customer557,Last557,customer557@example.com,917-555-0557,2025-01-01,4154,Active
558,Customer558,Last558,customer558@example.com,917-555-0558,2025-01-01,2533,Active
559,Customer559,Last559,customer559@example.com,917-555-0559,2025-01-01,5463,Active
560,Customer560,Last560,customer560@example.com,917-555-0560,2025-01-01,3345,Active
561,Customer561,Last561,customer561@example.com,917-555-0561,2025-01-01,2672,Active
562,Customer562,Last562,customer562@example.com,917-555-0562,2025-01-01,3296,Active
563,Customer563,Last563,customer563@example.com,917-555-0563,2025-01-01,5711,Active
564,Customer564,Last564,customer564@example.com,917-555-0564,2025-01-01,2422,Active
565,Customer565,Last565,customer565@example.com,917-555-0565,2025-01-01,4541,Active
566,Customer566,Last566,customer566@example.com,917-555-0566,2025-01-01,1042,Active
567,Customer567,Last567,customer567@example.com,917-555-0567,2025-01-01,1571,Active
568,Customer568,Last568,customer568@example.com,917-555-0568,2025-01-01,3444,Active
569,Customer569,Last569,customer569@example.com,917-555-0569,2025-01-01,5447,Active
570,Customer570,Last570,customer570@example.com,917-555-0570,2025-01-01,3105,Active
571,Customer571,Last571,customer571@example.com,917-555-0571,2025-01-01,5548,Active
572,Customer572,Last572,customer572@example.com,917-555-0572,2025-01-01,1425,Active
573,Customer573,Last573,customer573@example.com,917-555-0573,2025-01-01,5042,Active
574,Customer574,Last574,customer574@example.com,917-555-0574,2025-01-01,4662,Active
575,Customer575,Last575,customer575@example.com,917-555-0575,2025-01-01,2465,Active
576,Customer576,Last576,customer576@example.com,917-555-0576,2025-01-01,3326,Active
577,Customer577,Last577,customer577@example.com,917-555-0577,2025-01-01,4488,Active
578,Customer578,Last578,customer578@example.com,917-555-0578,2025-01-01,3,Active
579,Customer579,Last579,customer579@example.com,917-555-0579,2025-01-01,2489,Active
580,Customer580,Last580,customer580@example.com,917-555-0580,2025-01-01,2350,Active
581,Customer581,Last581,customer581@example.com,917-555-0581,2025-01-01,1721,Active
582,Customer582,Last582,customer582@example.com,917-555-0582,2025-01-01,3521,Active
583,Customer583,Last583,customer583@example.com,917-555-0583,2025-01-01,4751,Active
584,Customer584,Last584,customer584@example.com,917-555-0584,2025-01-01,4969,Active
585,Customer585,Last585,customer585@example.com,917-555-0585,2025-01-01,5363,Active
586,Customer586,Last586,customer586@example.com,917-555-0586,2025-01-01,2639,Active
587,Customer587,Last587,customer587@example.com,917-555-0587,2025-01-01,3809,Active
588,Customer588,Last588,customer588@example.com,917-555-0588,2025-01-01,3619,Active
589,Customer589,Last589,customer589@example.com,917-555-0589,2025-01-01,3622,Active
590,Customer590,Last590,customer590@example.com,917-555-0590,2025-01-01,5534,Active
591,Customer591,Last591,customer591@example.com,917-555-0591,2025-01-01,1750,Active
592,Customer592,Last592,customer592@example.com,917-555-0592,2025-01-01,4187,Active
593,Customer593,Last593,customer593@example.com,917-555-0593,2025-01-01,3876,Active
594,Customer594,Last594,customer594@example.com,917-555-0594,2025-01-01,1390,Active
595,Customer595,Last595,customer595@example.com,917-555-0595,2025-01-01,5397,Active
596,Customer596,Last596,customer596@example.com,917-555-0596,2025-01-01,694,Active
597,Customer597,Last597,customer597@example.com,917-555-0597,2025-01-01,2324,Active
598,Customer598,Last598,customer598@example.com,917-555-0598,2025-01-01,4222,Active
599,Customer599,Last599,customer599@example.com,917-555-0599,2025-01-01,5438,Active
600,Customer600,Last600,customer600@example.com,917-555-0600,2025-01-01,5185,Active
601,Customer601,Last601,customer601@example.com,917-555-0601,2025-01-01,5072,Active
602,Customer602,Last602,customer602@example.com,917-555-0602,2025-01-01,2745,Active
603,Customer603,Last603,customer603@example.com,917-555-0603,2025-01-01,765,Active
604,Customer604,Last604,customer604@example.com,917-555-0604,2025-01-01,1924,Active
605,Customer605,Last605,customer605@example.com,917-555-0605,2025-01-01,5511,Active
606,Customer606,Last606,customer606@example.com,917-555-0606,2025-01-01,2542,Active
607,Customer607,Last607,customer607@example.com,917-555-0607,2025-01-01,1840,Active
608,Customer608,Last608,customer608@example.com,917-555-0608,2025-01-01,1631,Active
609,Customer609,Last609,customer609@example.com,917-555-0609,2025-01-01,1207,Active
610,Customer610,Last610,customer610@example.com,917-555-0610,2025-01-01,200,Active
611,Customer611,Last611,customer611@example.com,917-555-0611,2025-01-01,378,Active
612,Customer612,Last612,customer612@example.com,917-555-0612,2025-01-01,2005,Active
613,Customer613,Last613,customer613@example.com,917-555-0613,2025-01-01,3892,Active
614,Customer614,Last614,customer614@example.com,917-555-0614,2025-01-01,5007,Active
615,Customer615,Last615,customer615@example.com,917-555-0615,2025-01-01,596,Active
616,Customer616,Last616,customer616@example.com,917-555-0616,2025-01-01,3730,Active
617,Customer617,Last617,customer617@example.com,917-555-0617,2025-01-01,3395,Active
618,Customer618,Last618,customer618@example.com,917-555-0618,2025-01-01,5159,Active
619,Customer619,Last619,customer619@example.com,917-555-0619,2025-01-01,4715,Active
620,Customer620,Last620,customer620@example.com,917-555-0620,2025-01-01,1592,Active
621,Customer621,Last621,customer621@example.com,917-555-0621,2025-01-01,5884,Active
622,Customer622,Last622,customer622@example.com,917-555-0622,2025-01-01,5704,Active
623,Customer623,Last623,customer623@example.com,917-555-0623,2025-01-01,3145,Active
624,Customer624,Last624,customer624@example.com,917-555-0624,2025-01-01,4049,Active
625,Customer625,Last625,customer625@example.com,917-555-0625,2025-01-01,3273,Active
626,Customer626,Last626,customer626@example.com,917-555-0626,2025-01-01,1998,Active
627,Customer627,Last627,customer627@example.com,917-555-0627,2025-01-01,1208,Active
628,Customer628,Last628,customer628@example.com,917-555-0628,2025-01-01,5374,Active
629,Customer629,Last629,customer629@example.com,917-555-0629,2025-01-01,5633,Active
630,Customer630,Last630,customer630@example.com,917-555-0630,2025-01-01,45,Active
631,Customer631,Last631,customer631@example.com,917-555-0631,2025-01-01,873,Active
632,Customer632,Last632,customer632@example.com,917-555-0632,2025-01-01,3482,Active
633,Customer633,Last633,customer633@example.com,917-555-0633,2025-01-01,1792,Active
634,Customer634,Last634,customer634@example.com,917-555-0634,2025-01-01,1440,Active
635,Customer635,Last635,customer635@example.com,917-555-0635,2025-01-01,5700,Active
636,Customer636,Last636,customer636@example.com,917-555-0636,2025-01-01,4243,Active
637,Customer637,Last637,customer637@example.com,917-555-0637,2025-01-01,3805,Active
638,Customer638,Last638,customer638@example.com,917-555-0638,2025-01-01,411,Active
639,Customer639,Last639,customer639@example.com,917-555-0639,2025-01-01,4566,Active
640,Customer640,Last640,customer640@example.com,917-555-0640,2025-01-01,2041,Active
641,Customer641,Last641,customer641@example.com,917-555-0641,2025-01-01,994,Active
642,Customer642,Last642,customer642@example.com,917-555-0642,2025-01-01,3739,Active
643,Customer643,Last643,customer643@example.com,917-555-0643,2025-01-01,1092,Active
644,Customer644,Last644,customer644@example.com,917-555-0644,2025-01-01,3806,Active
645,Customer645,Last645,customer645@example.com,917-555-0645,2025-01-01,5468,Active
646,Customer646,Last646,customer646@example.com,917-555-0646,2025-01-01,4351,Active
647,Customer647,Last647,customer647@example.com,917-555-0647,2025-01-01,4578,Active
648,Customer648,Last648,customer648@example.com,917-555-0648,2025-01-01,4877,Active
649,Customer649,Last649,customer649@example.com,917-555-0649,2025-01-01,2599,Active
650,Customer650,Last650,customer650@example.com,917-555-0650,2025-01-01,3625,Active
651,Customer651,Last651,customer651@example.com,917-555-0651,2025-01-01,5018,Active
652,Customer652,Last652,customer652@example.com,917-555-0652,2025-01-01,5892,Active
653,Customer653,Last653,customer653@example.com,917-555-0653,2025-01-01,4135,Active
654,Customer654,Last654,customer654@example.com,917-555-0654,2025-01-01,3495,Active
655,Customer655,Last655,customer655@example.com,917-555-0655,2025-01-01,4488,Active
656,Customer656,Last656,customer656@example.com,917-555-0656,2025-01-01,3652,Active
657,Customer657,Last657,customer657@example.com,917-555-0657,2025-01-01,1303,Active
658,Customer658,Last658,customer658@example.com,917-555-0658,2025-01-01,3888,Active
659,Customer659,Last659,customer659@example.com,917-555-0659,2025-01-01,3686,Active
660,Customer660,Last660,customer660@example.com,917-555-0660,2025-01-01,2123,Active
661,Customer661,Last661,customer661@example.com,917-555-0661,2025-01-01,2025,Active
662,Customer662,Last662,customer662@example.com,917-555-0662,2025-01-01,5223,Active
663,Customer663,Last663,customer663@example.com,917-555-0663,2025-01-01,2271,Active
664,Customer664,Last664,customer664@example.com,917-555-0664,2025-01-01,4270,Active
665,Customer665,Last665,customer665@example.com,917-555-0665,2025-01-01,3969,Active
666,Customer666,Last666,customer666@example.com,917-555-0666,2025-01-01,5134,Active
667,Customer667,Last667,customer667@example.com,917-555-0667,2025-01-01,1959,Active
668,Customer668,Last668,customer668@example.com,917-555-0668,2025-01-01,2249,Active
669,Customer669,Last669,customer669@example.com,917-555-0669,2025-01-01,3603,Active
670,Customer670,Last670,customer670@example.com,917-555-0670,2025-01-01,634,Active
671,Customer671,Last671,customer671@example.com,917-555-0671,2025-01-01,5845,Active
672,Customer672,Last672,customer672@example.com,917-555-0672,2025-01-01,2340,Active
673,Customer673,Last673,customer673@example.com,917-555-0673,2025-01-01,1920,Active
674,Customer674,Last674,customer674@example.com,917-555-0674,2025-01-01,2225,Active
675,Customer675,Last675,customer675@example.com,917-555-0675,2025-01-01,2751,Active
676,Customer676,Last676,customer676@example.com,917-555-0676,2025-01-01,2619,Active
677,Customer677,Last677,customer677@example.com,917-555-0677,2025-01-01,4424,Active
678,Customer678,Last678,customer678@example.com,917-555-0678,2025-01-01,660,Active
679,Customer679,Last679,customer679@example.com,917-555-0679,2025-01-01,1133,Active
680,Customer680,Last680,customer680@example.com,917-555-0680,2025-01-01,1235,Active
681,Customer681,Last681,customer681@example.com,917-555-0681,2025-01-01,1894,Active
682,Customer682,Last682,customer682@example.com,917-555-0682,2025-01-01,3137,Active
683,Customer683,Last683,customer683@example.com,917-555-0683,2025-01-01,5684,Active
684,Customer684,Last684,customer684@example.com,917-555-0684,2025-01-01,1251,Active
685,Customer685,Last685,customer685@example.com,917-555-0685,2025-01-01,5786,Active
686,Customer686,Last686,customer686@example.com,917-555-0686,2025-01-01,1752,Active
687,Customer687,Last687,customer687@example.com,917-555-0687,2025-01-01,526,Active
688,Customer688,Last688,customer688@example.com,917-555-0688,2025-01-01,3398,Active
689,Customer689,Last689,customer689@example.com,917-555-0689,2025-01-01,3339,Active
690,Customer690,Last690,customer690@example.com,917-555-0690,2025-01-01,2710,Active
691,Customer691,Last691,customer691@example.com,917-555-0691,2025-01-01,4445,Active
692,Customer692,Last692,customer692@example.com,917-555-0692,2025-01-01,3816,Active
693,Customer693,Last693,customer693@example.com,917-555-0693,2025-01-01,3406,Active
694,Customer694,Last694,customer694@example.com,917-555-0694,2025-01-01,510,Active
695,Customer695,Last695,customer695@example.com,917-555-0695,2025-01-01,1694,Active
696,Customer696,Last696,customer696@example.com,917-555-0696,2025-01-01,3441,Active
697,Customer697,Last697,customer697@example.com,917-555-0697,2025-01-01,3190,Active
698,Customer698,Last698,customer698@example.com,917-555-0698,2025-01-01,4784,Active
699,Customer699,Last699,customer699@example.com,917-555-0699,2025-01-01,5697,Active
700,Customer700,Last700,customer700@example.com,917-555-0700,2025-01-01,160,Active
