schedule_id,employee_id,shift_date,start_time,end_time,overtime_hours,schedule_status
1,1,2026-07-01,09:00,17:00,0,Scheduled
2,1,2026-07-02,09:00,17:00,0,Scheduled
3,1,2026-07-03,09:00,17:00,0,Scheduled
4,1,2026-07-04,09:00,17:00,0,Scheduled
5,1,2026-07-05,09:00,17:00,1,Scheduled
6,1,2026-07-06,09:00,17:00,0,Scheduled
7,1,2026-07-07,09:00,17:00,2,Scheduled
8,2,2026-07-01,09:00,17:00,1,Scheduled
9,2,2026-07-02,09:00,17:00,0,Scheduled
10,2,2026-07-03,09:00,17:00,0,Scheduled
11,2,2026-07-04,09:00,17:00,0,Scheduled
12,2,2026-07-05,09:00,17:00,0,Scheduled
13,2,2026-07-06,09:00,17:00,1,Scheduled
14,2,2026-07-07,09:00,17:00,0,Scheduled
15,3,2026-07-01,09:00,17:00,1,Scheduled
16,3,2026-07-02,09:00,17:00,0,Scheduled
17,3,2026-07-03,09:00,17:00,2,Scheduled
18,3,2026-07-04,09:00,17:00,0,Scheduled
19,3,2026-07-05,09:00,17:00,0,Scheduled
20,3,2026-07-06,09:00,17:00,0,Scheduled
21,3,2026-07-07,09:00,17:00,0,Scheduled
22,4,2026-07-01,09:00,17:00,1,Scheduled
23,4,2026-07-02,09:00,17:00,0,Scheduled
24,4,2026-07-03,09:00,17:00,0,Scheduled
25,4,2026-07-04,09:00,17:00,0,Scheduled
26,4,2026-07-05,09:00,17:00,2,Scheduled
27,4,2026-07-06,09:00,17:00,0,Scheduled
28,4,2026-07-07,09:00,17:00,0,Scheduled
29,5,2026-07-01,09:00,17:00,0,Scheduled
30,5,2026-07-02,09:00,17:00,2,Scheduled
31,5,2026-07-03,09:00,17:00,1,Scheduled
32,5,2026-07-04,09:00,17:00,0,Scheduled
33,5,2026-07-05,09:00,17:00,2,Scheduled
34,5,2026-07-06,09:00,17:00,0,Scheduled
35,5,2026-07-07,09:00,17:00,0,Scheduled
36,6,2026-07-01,09:00,17:00,1,Scheduled
37,6,2026-07-02,09:00,17:00,0,Scheduled
38,6,2026-07-03,09:00,17:00,1,Scheduled
39,6,2026-07-04,09:00,17:00,0,Scheduled
40,6,2026-07-05,09:00,17:00,0,Scheduled
41,6,2026-07-06,09:00,17:00,0,Scheduled
42,6,2026-07-07,09:00,17:00,0,Scheduled
43,7,2026-07-01,09:00,17:00,0,Scheduled
44,7,2026-07-02,09:00,17:00,0,Scheduled
45,7,2026-07-03,09:00,17:00,2,Scheduled
46,7,2026-07-04,09:00,17:00,0,Scheduled
47,7,2026-07-05,09:00,17:00,0,Scheduled
48,7,2026-07-06,09:00,17:00,2,Scheduled
49,7,2026-07-07,09:00,17:00,0,Scheduled
50,8,2026-07-01,09:00,17:00,1,Scheduled
51,8,2026-07-02,09:00,17:00,2,Scheduled
52,8,2026-07-03,09:00,17:00,0,Scheduled
53,8,2026-07-04,09:00,17:00,0,Scheduled
54,8,2026-07-05,09:00,17:00,0,Scheduled
55,8,2026-07-06,09:00,17:00,0,Scheduled
56,8,2026-07-07,09:00,17:00,0,Scheduled
57,9,2026-07-01,09:00,17:00,0,Scheduled
58,9,2026-07-02,09:00,17:00,1,Scheduled
59,9,2026-07-03,09:00,17:00,0,Scheduled
60,9,2026-07-04,09:00,17:00,0,Scheduled
61,9,2026-07-05,09:00,17:00,0,Scheduled
62,9,2026-07-06,09:00,17:00,1,Scheduled
63,9,2026-07-07,09:00,17:00,1,Scheduled
64,10,2026-07-01,09:00,17:00,2,Scheduled
65,10,2026-07-02,09:00,17:00,0,Scheduled
66,10,2026-07-03,09:00,17:00,0,Scheduled
67,10,2026-07-04,09:00,17:00,0,Scheduled
68,10,2026-07-05,09:00,17:00,0,Scheduled
69,10,2026-07-06,09:00,17:00,0,Scheduled
70,10,2026-07-07,09:00,17:00,1,Scheduled
71,11,2026-07-01,09:00,17:00,0,Scheduled
72,11,2026-07-02,09:00,17:00,0,Scheduled
73,11,2026-07-03,09:00,17:00,0,Scheduled
74,11,2026-07-04,09:00,17:00,2,Scheduled
75,11,2026-07-05,09:00,17:00,0,Scheduled
76,11,2026-07-06,09:00,17:00,1,Scheduled
77,11,2026-07-07,09:00,17:00,1,Scheduled
78,12,2026-07-01,09:00,17:00,2,Scheduled
79,12,2026-07-02,09:00,17:00,0,Scheduled
80,12,2026-07-03,09:00,17:00,0,Scheduled
81,12,2026-07-04,09:00,17:00,0,Scheduled
82,12,2026-07-05,09:00,17:00,1,Scheduled
83,12,2026-07-06,09:00,17:00,0,Scheduled
84,12,2026-07-07,09:00,17:00,0,Scheduled
85,13,2026-07-01,09:00,17:00,0,Scheduled
86,13,2026-07-02,09:00,17:00,1,Scheduled
87,13,2026-07-03,09:00,17:00,1,Scheduled
88,13,2026-07-04,09:00,17:00,0,Scheduled
89,13,2026-07-05,09:00,17:00,0,Scheduled
90,13,2026-07-06,09:00,17:00,0,Scheduled
91,13,2026-07-07,09:00,17:00,0,Scheduled
92,14,2026-07-01,09:00,17:00,2,Scheduled
93,14,2026-07-02,09:00,17:00,0,Scheduled
94,14,2026-07-03,09:00,17:00,1,Scheduled
95,14,2026-07-04,09:00,17:00,0,Scheduled
96,14,2026-07-05,09:00,17:00,0,Scheduled
97,14,2026-07-06,09:00,17:00,0,Scheduled
98,14,2026-07-07,09:00,17:00,0,Scheduled
99,15,2026-07-01,09:00,17:00,0,Scheduled
100,15,2026-07-02,09:00,17:00,2,Scheduled
101,15,2026-07-03,09:00,17:00,0,Scheduled
102,15,2026-07-04,09:00,17:00,2,Scheduled
103,15,2026-07-05,09:00,17:00,0,Scheduled
104,15,2026-07-06,09:00,17:00,0,Scheduled
105,15,2026-07-07,09:00,17:00,2,Scheduled
106,16,2026-07-01,09:00,17:00,2,Scheduled
107,16,2026-07-02,09:00,17:00,0,Scheduled
108,16,2026-07-03,09:00,17:00,0,Scheduled
109,16,2026-07-04,09:00,17:00,0,Scheduled
110,16,2026-07-05,09:00,17:00,0,Scheduled
111,16,2026-07-06,09:00,17:00,1,Scheduled
112,16,2026-07-07,09:00,17:00,1,Scheduled
113,17,2026-07-01,09:00,17:00,0,Scheduled
114,17,2026-07-02,09:00,17:00,0,Scheduled
115,17,2026-07-03,09:00,17:00,0,Scheduled
116,17,2026-07-04,09:00,17:00,0,Scheduled
117,17,2026-07-05,09:00,17:00,1,Scheduled
118,17,2026-07-06,09:00,17:00,0,Scheduled
119,17,2026-07-07,09:00,17:00,0,Scheduled
120,18,2026-07-01,09:00,17:00,2,Scheduled
121,18,2026-07-02,09:00,17:00,0,Scheduled
122,18,2026-07-03,09:00,17:00,0,Scheduled
123,18,2026-07-04,09:00,17:00,2,Scheduled
124,18,2026-07-05,09:00,17:00,0,Scheduled
125,18,2026-07-06,09:00,17:00,0,Scheduled
126,18,2026-07-07,09:00,17:00,0,Scheduled
127,19,2026-07-01,09:00,17:00,0,Scheduled
128,19,2026-07-02,09:00,17:00,0,Scheduled
129,19,2026-07-03,09:00,17:00,1,Scheduled
130,19,2026-07-04,09:00,17:00,2,Scheduled
131,19,2026-07-05,09:00,17:00,0,Scheduled
132,19,2026-07-06,09:00,17:00,2,Scheduled
133,19,2026-07-07,09:00,17:00,0,Scheduled
134,20,2026-07-01,09:00,17:00,0,Scheduled
135,20,2026-07-02,09:00,17:00,2,Scheduled
136,20,2026-07-03,09:00,17:00,1,Scheduled
137,20,2026-07-04,09:00,17:00,0,Scheduled
138,20,2026-07-05,09:00,17:00,0,Scheduled
139,20,2026-07-06,09:00,17:00,2,Scheduled
140,20,2026-07-07,09:00,17:00,2,Scheduled
141,21,2026-07-01,09:00,17:00,0,Scheduled
142,21,2026-07-02,09:00,17:00,1,Scheduled
143,21,2026-07-03,09:00,17:00,0,Scheduled
144,21,2026-07-04,09:00,17:00,1,Scheduled
145,21,2026-07-05,09:00,17:00,0,Scheduled
146,21,2026-07-06,09:00,17:00,0,Scheduled
147,21,2026-07-07,09:00,17:00,2,Scheduled
148,22,2026-07-01,09:00,17:00,2,Scheduled
149,22,2026-07-02,09:00,17:00,0,Scheduled
150,22,2026-07-03,09:00,17:00,0,Scheduled
151,22,2026-07-04,09:00,17:00,2,Scheduled
152,22,2026-07-05,09:00,17:00,0,Scheduled
153,22,2026-07-06,09:00,17:00,0,Scheduled
154,22,2026-07-07,09:00,17:00,0,Scheduled
155,23,2026-07-01,09:00,17:00,2,Scheduled
156,23,2026-07-02,09:00,17:00,2,Scheduled
157,23,2026-07-03,09:00,17:00,0,Scheduled
158,23,2026-07-04,09:00,17:00,0,Scheduled
159,23,2026-07-05,09:00,17:00,0,Scheduled
160,23,2026-07-06,09:00,17:00,2,Scheduled
161,23,2026-07-07,09:00,17:00,0,Scheduled
162,24,2026-07-01,09:00,17:00,0,Scheduled
163,24,2026-07-02,09:00,17:00,0,Scheduled
164,24,2026-07-03,09:00,17:00,0,Scheduled
165,24,2026-07-04,09:00,17:00,0,Scheduled
166,24,2026-07-05,09:00,17:00,0,Scheduled
167,24,2026-07-06,09:00,17:00,0,Scheduled
168,24,2026-07-07,09:00,17:00,0,Scheduled
169,25,2026-07-01,09:00,17:00,0,Scheduled
170,25,2026-07-02,09:00,17:00,0,Scheduled
171,25,2026-07-03,09:00,17:00,0,Scheduled
172,25,2026-07-04,09:00,17:00,1,Scheduled
173,25,2026-07-05,09:00,17:00,0,Scheduled
174,25,2026-07-06,09:00,17:00,1,Scheduled
175,25,2026-07-07,09:00,17:00,2,Scheduled
176,26,2026-07-01,09:00,17:00,0,Scheduled
177,26,2026-07-02,09:00,17:00,0,Scheduled
178,26,2026-07-03,09:00,17:00,0,Scheduled
179,26,2026-07-04,09:00,17:00,0,Scheduled
180,26,2026-07-05,09:00,17:00,1,Scheduled
181,26,2026-07-06,09:00,17:00,0,Scheduled
182,26,2026-07-07,09:00,17:00,1,Scheduled
183,27,2026-07-01,09:00,17:00,2,Scheduled
184,27,2026-07-02,09:00,17:00,0,Scheduled
185,27,2026-07-03,09:00,17:00,0,Scheduled
186,27,2026-07-04,09:00,17:00,1,Scheduled
187,27,2026-07-05,09:00,17:00,0,Scheduled
188,27,2026-07-06,09:00,17:00,0,Scheduled
189,27,2026-07-07,09:00,17:00,0,Scheduled
190,28,2026-07-01,09:00,17:00,2,Scheduled
191,28,2026-07-02,09:00,17:00,0,Scheduled
192,28,2026-07-03,09:00,17:00,0,Scheduled
193,28,2026-07-04,09:00,17:00,0,Scheduled
194,28,2026-07-05,09:00,17:00,2,Scheduled
195,28,2026-07-06,09:00,17:00,0,Scheduled
196,28,2026-07-07,09:00,17:00,0,Scheduled
197,29,2026-07-01,09:00,17:00,0,Scheduled
198,29,2026-07-02,09:00,17:00,2,Scheduled
199,29,2026-07-03,09:00,17:00,1,Scheduled
200,29,2026-07-04,09:00,17:00,0,Scheduled
201,29,2026-07-05,09:00,17:00,0,Scheduled
202,29,2026-07-06,09:00,17:00,0,Scheduled
203,29,2026-07-07,09:00,17:00,0,Scheduled
204,30,2026-07-01,09:00,17:00,1,Scheduled
205,30,2026-07-02,09:00,17:00,0,Scheduled
206,30,2026-07-03,09:00,17:00,2,Scheduled
207,30,2026-07-04,09:00,17:00,0,Scheduled
208,30,2026-07-05,09:00,17:00,2,Scheduled
209,30,2026-07-06,09:00,17:00,0,Scheduled
210,30,2026-07-07,09:00,17:00,0,Scheduled
211,31,2026-07-01,09:00,17:00,0,Scheduled
212,31,2026-07-02,09:00,17:00,0,Scheduled
213,31,2026-07-03,09:00,17:00,0,Scheduled
214,31,2026-07-04,09:00,17:00,0,Scheduled
215,31,2026-07-05,09:00,17:00,0,Scheduled
216,31,2026-07-06,09:00,17:00,0,Scheduled
217,31,2026-07-07,09:00,17:00,0,Scheduled
218,32,2026-07-01,09:00,17:00,1,Scheduled
219,32,2026-07-02,09:00,17:00,0,Scheduled
220,32,2026-07-03,09:00,17:00,1,Scheduled
221,32,2026-07-04,09:00,17:00,0,Scheduled
222,32,2026-07-05,09:00,17:00,2,Scheduled
223,32,2026-07-06,09:00,17:00,0,Scheduled
224,32,2026-07-07,09:00,17:00,0,Scheduled
225,33,2026-07-01,09:00,17:00,2,Scheduled
226,33,2026-07-02,09:00,17:00,0,Scheduled
227,33,2026-07-03,09:00,17:00,0,Scheduled
228,33,2026-07-04,09:00,17:00,0,Scheduled
229,33,2026-07-05,09:00,17:00,1,Scheduled
230,33,2026-07-06,09:00,17:00,2,Scheduled
231,33,2026-07-07,09:00,17:00,2,Scheduled
232,34,2026-07-01,09:00,17:00,0,Scheduled
233,34,2026-07-02,09:00,17:00,1,Scheduled
234,34,2026-07-03,09:00,17:00,2,Scheduled
235,34,2026-07-04,09:00,17:00,0,Scheduled
236,34,2026-07-05,09:00,17:00,0,Scheduled
237,34,2026-07-06,09:00,17:00,0,Scheduled
238,34,2026-07-07,09:00,17:00,1,Scheduled
239,35,2026-07-01,09:00,17:00,0,Scheduled
240,35,2026-07-02,09:00,17:00,0,Scheduled
241,35,2026-07-03,09:00,17:00,2,Scheduled
242,35,2026-07-04,09:00,17:00,0,Scheduled
243,35,2026-07-05,09:00,17:00,1,Scheduled
244,35,2026-07-06,09:00,17:00,0,Scheduled
245,35,2026-07-07,09:00,17:00,2,Scheduled
246,36,2026-07-01,09:00,17:00,2,Scheduled
247,36,2026-07-02,09:00,17:00,2,Scheduled
248,36,2026-07-03,09:00,17:00,2,Scheduled
249,36,2026-07-04,09:00,17:00,0,Scheduled
250,36,2026-07-05,09:00,17:00,2,Scheduled
251,36,2026-07-06,09:00,17:00,0,Scheduled
252,36,2026-07-07,09:00,17:00,2,Scheduled
253,37,2026-07-01,09:00,17:00,2,Scheduled
254,37,2026-07-02,09:00,17:00,0,Scheduled
255,37,2026-07-03,09:00,17:00,0,Scheduled
256,37,2026-07-04,09:00,17:00,0,Scheduled
257,37,2026-07-05,09:00,17:00,0,Scheduled
258,37,2026-07-06,09:00,17:00,1,Scheduled
259,37,2026-07-07,09:00,17:00,0,Scheduled
260,38,2026-07-01,09:00,17:00,2,Scheduled
261,38,2026-07-02,09:00,17:00,0,Scheduled
262,38,2026-07-03,09:00,17:00,0,Scheduled
263,38,2026-07-04,09:00,17:00,0,Scheduled
264,38,2026-07-05,09:00,17:00,0,Scheduled
265,38,2026-07-06,09:00,17:00,2,Scheduled
266,38,2026-07-07,09:00,17:00,0,Scheduled
267,39,2026-07-01,09:00,17:00,0,Scheduled
268,39,2026-07-02,09:00,17:00,0,Scheduled
269,39,2026-07-03,09:00,17:00,0,Scheduled
270,39,2026-07-04,09:00,17:00,1,Scheduled
271,39,2026-07-05,09:00,17:00,0,Scheduled
272,39,2026-07-06,09:00,17:00,1,Scheduled
273,39,2026-07-07,09:00,17:00,1,Scheduled
274,40,2026-07-01,09:00,17:00,0,Scheduled
275,40,2026-07-02,09:00,17:00,0,Scheduled
276,40,2026-07-03,09:00,17:00,0,Scheduled
277,40,2026-07-04,09:00,17:00,0,Scheduled
278,40,2026-07-05,09:00,17:00,0,Scheduled
279,40,2026-07-06,09:00,17:00,2,Scheduled
280,40,2026-07-07,09:00,17:00,0,Scheduled
281,41,2026-07-01,09:00,17:00,0,Scheduled
282,41,2026-07-02,09:00,17:00,0,Scheduled
283,41,2026-07-03,09:00,17:00,0,Scheduled
284,41,2026-07-04,09:00,17:00,0,Scheduled
285,41,2026-07-05,09:00,17:00,0,Scheduled
286,41,2026-07-06,09:00,17:00,2,Scheduled
287,41,2026-07-07,09:00,17:00,2,Scheduled
288,42,2026-07-01,09:00,17:00,2,Scheduled
289,42,2026-07-02,09:00,17:00,0,Scheduled
290,42,2026-07-03,09:00,17:00,1,Scheduled
291,42,2026-07-04,09:00,17:00,0,Scheduled
292,42,2026-07-05,09:00,17:00,0,Scheduled
293,42,2026-07-06,09:00,17:00,0,Scheduled
294,42,2026-07-07,09:00,17:00,0,Scheduled
295,43,2026-07-01,09:00,17:00,0,Scheduled
296,43,2026-07-02,09:00,17:00,1,Scheduled
297,43,2026-07-03,09:00,17:00,0,Scheduled
298,43,2026-07-04,09:00,17:00,0,Scheduled
299,43,2026-07-05,09:00,17:00,0,Scheduled
300,43,2026-07-06,09:00,17:00,2,Scheduled
301,43,2026-07-07,09:00,17:00,2,Scheduled
302,44,2026-07-01,09:00,17:00,2,Scheduled
303,44,2026-07-02,09:00,17:00,0,Scheduled
304,44,2026-07-03,09:00,17:00,1,Scheduled
305,44,2026-07-04,09:00,17:00,0,Scheduled
306,44,2026-07-05,09:00,17:00,2,Scheduled
307,44,2026-07-06,09:00,17:00,0,Scheduled
308,44,2026-07-07,09:00,17:00,0,Scheduled
309,45,2026-07-01,09:00,17:00,2,Scheduled
310,45,2026-07-02,09:00,17:00,0,Scheduled
311,45,2026-07-03,09:00,17:00,0,Scheduled
312,45,2026-07-04,09:00,17:00,0,Scheduled
313,45,2026-07-05,09:00,17:00,1,Scheduled
314,45,2026-07-06,09:00,17:00,1,Scheduled
315,45,2026-07-07,09:00,17:00,0,Scheduled
316,46,2026-07-01,09:00,17:00,1,Scheduled
317,46,2026-07-02,09:00,17:00,0,Scheduled
318,46,2026-07-03,09:00,17:00,2,Scheduled
319,46,2026-07-04,09:00,17:00,0,Scheduled
320,46,2026-07-05,09:00,17:00,2,Scheduled
321,46,2026-07-06,09:00,17:00,0,Scheduled
322,46,2026-07-07,09:00,17:00,2,Scheduled
323,47,2026-07-01,09:00,17:00,0,Scheduled
324,47,2026-07-02,09:00,17:00,2,Scheduled
325,47,2026-07-03,09:00,17:00,0,Scheduled
326,47,2026-07-04,09:00,17:00,0,Scheduled
327,47,2026-07-05,09:00,17:00,0,Scheduled
328,47,2026-07-06,09:00,17:00,0,Scheduled
329,47,2026-07-07,09:00,17:00,0,Scheduled
330,48,2026-07-01,09:00,17:00,0,Scheduled
331,48,2026-07-02,09:00,17:00,0,Scheduled
332,48,2026-07-03,09:00,17:00,0,Scheduled
333,48,2026-07-04,09:00,17:00,0,Scheduled
334,48,2026-07-05,09:00,17:00,0,Scheduled
335,48,2026-07-06,09:00,17:00,1,Scheduled
336,48,2026-07-07,09:00,17:00,0,Scheduled
337,49,2026-07-01,09:00,17:00,0,Scheduled
338,49,2026-07-02,09:00,17:00,0,Scheduled
339,49,2026-07-03,09:00,17:00,0,Scheduled
340,49,2026-07-04,09:00,17:00,2,Scheduled
341,49,2026-07-05,09:00,17:00,2,Scheduled
342,49,2026-07-06,09:00,17:00,2,Scheduled
343,49,2026-07-07,09:00,17:00,1,Scheduled
344,50,2026-07-01,09:00,17:00,0,Scheduled
345,50,2026-07-02,09:00,17:00,1,Scheduled
346,50,2026-07-03,09:00,17:00,2,Scheduled
347,50,2026-07-04,09:00,17:00,2,Scheduled
348,50,2026-07-05,09:00,17:00,0,Scheduled
349,50,2026-07-06,09:00,17:00,0,Scheduled
350,50,2026-07-07,09:00,17:00,2,Scheduled
351,51,2026-07-01,09:00,17:00,0,Scheduled
352,51,2026-07-02,09:00,17:00,0,Scheduled
353,51,2026-07-03,09:00,17:00,1,Scheduled
354,51,2026-07-04,09:00,17:00,0,Scheduled
355,51,2026-07-05,09:00,17:00,0,Scheduled
356,51,2026-07-06,09:00,17:00,0,Scheduled
357,51,2026-07-07,09:00,17:00,2,Scheduled
358,52,2026-07-01,09:00,17:00,0,Scheduled
359,52,2026-07-02,09:00,17:00,0,Scheduled
360,52,2026-07-03,09:00,17:00,0,Scheduled
361,52,2026-07-04,09:00,17:00,0,Scheduled
362,52,2026-07-05,09:00,17:00,0,Scheduled
363,52,2026-07-06,09:00,17:00,0,Scheduled
364,52,2026-07-07,09:00,17:00,0,Scheduled
365,53,2026-07-01,09:00,17:00,2,Scheduled
366,53,2026-07-02,09:00,17:00,0,Scheduled
367,53,2026-07-03,09:00,17:00,1,Scheduled
368,53,2026-07-04,09:00,17:00,2,Scheduled
369,53,2026-07-05,09:00,17:00,0,Scheduled
370,53,2026-07-06,09:00,17:00,0,Scheduled
371,53,2026-07-07,09:00,17:00,0,Scheduled
372,54,2026-07-01,09:00,17:00,0,Scheduled
373,54,2026-07-02,09:00,17:00,0,Scheduled
374,54,2026-07-03,09:00,17:00,0,Scheduled
375,54,2026-07-04,09:00,17:00,0,Scheduled
376,54,2026-07-05,09:00,17:00,0,Scheduled
377,54,2026-07-06,09:00,17:00,2,Scheduled
378,54,2026-07-07,09:00,17:00,0,Scheduled
379,55,2026-07-01,09:00,17:00,2,Scheduled
380,55,2026-07-02,09:00,17:00,2,Scheduled
381,55,2026-07-03,09:00,17:00,1,Scheduled
382,55,2026-07-04,09:00,17:00,0,Scheduled
383,55,2026-07-05,09:00,17:00,0,Scheduled
384,55,2026-07-06,09:00,17:00,0,Scheduled
385,55,2026-07-07,09:00,17:00,0,Scheduled
386,56,2026-07-01,09:00,17:00,0,Scheduled
387,56,2026-07-02,09:00,17:00,1,Scheduled
388,56,2026-07-03,09:00,17:00,0,Scheduled
389,56,2026-07-04,09:00,17:00,0,Scheduled
390,56,2026-07-05,09:00,17:00,1,Scheduled
391,56,2026-07-06,09:00,17:00,0,Scheduled
392,56,2026-07-07,09:00,17:00,1,Scheduled
393,57,2026-07-01,09:00,17:00,0,Scheduled
394,57,2026-07-02,09:00,17:00,0,Scheduled
395,57,2026-07-03,09:00,17:00,0,Scheduled
396,57,2026-07-04,09:00,17:00,0,Scheduled
397,57,2026-07-05,09:00,17:00,1,Scheduled
398,57,2026-07-06,09:00,17:00,0,Scheduled
399,57,2026-07-07,09:00,17:00,0,Scheduled
400,58,2026-07-01,09:00,17:00,0,Scheduled
401,58,2026-07-02,09:00,17:00,0,Scheduled
402,58,2026-07-03,09:00,17:00,1,Scheduled
403,58,2026-07-04,09:00,17:00,0,Scheduled
404,58,2026-07-05,09:00,17:00,0,Scheduled
405,58,2026-07-06,09:00,17:00,0,Scheduled
406,58,2026-07-07,09:00,17:00,2,Scheduled
407,59,2026-07-01,09:00,17:00,0,Scheduled
408,59,2026-07-02,09:00,17:00,0,Scheduled
409,59,2026-07-03,09:00,17:00,0,Scheduled
410,59,2026-07-04,09:00,17:00,0,Scheduled
411,59,2026-07-05,09:00,17:00,0,Scheduled
412,59,2026-07-06,09:00,17:00,1,Scheduled
413,59,2026-07-07,09:00,17:00,0,Scheduled
414,60,2026-07-01,09:00,17:00,0,Scheduled
415,60,2026-07-02,09:00,17:00,0,Scheduled
416,60,2026-07-03,09:00,17:00,0,Scheduled
417,60,2026-07-04,09:00,17:00,0,Scheduled
418,60,2026-07-05,09:00,17:00,0,Scheduled
419,60,2026-07-06,09:00,17:00,2,Scheduled
420,60,2026-07-07,09:00,17:00,0,Scheduled
421,61,2026-07-01,09:00,17:00,1,Scheduled
422,61,2026-07-02,09:00,17:00,0,Scheduled
423,61,2026-07-03,09:00,17:00,2,Scheduled
424,61,2026-07-04,09:00,17:00,0,Scheduled
425,61,2026-07-05,09:00,17:00,0,Scheduled
426,61,2026-07-06,09:00,17:00,0,Scheduled
427,61,2026-07-07,09:00,17:00,0,Scheduled
428,62,2026-07-01,09:00,17:00,1,Scheduled
429,62,2026-07-02,09:00,17:00,1,Scheduled
430,62,2026-07-03,09:00,17:00,0,Scheduled
431,62,2026-07-04,09:00,17:00,0,Scheduled
432,62,2026-07-05,09:00,17:00,1,Scheduled
433,62,2026-07-06,09:00,17:00,0,Scheduled
434,62,2026-07-07,09:00,17:00,1,Scheduled
435,63,2026-07-01,09:00,17:00,0,Scheduled
436,63,2026-07-02,09:00,17:00,2,Scheduled
437,63,2026-07-03,09:00,17:00,2,Scheduled
438,63,2026-07-04,09:00,17:00,1,Scheduled
439,63,2026-07-05,09:00,17:00,0,Scheduled
440,63,2026-07-06,09:00,17:00,0,Scheduled
441,63,2026-07-07,09:00,17:00,2,Scheduled
442,64,2026-07-01,09:00,17:00,0,Scheduled
443,64,2026-07-02,09:00,17:00,0,Scheduled
444,64,2026-07-03,09:00,17:00,0,Scheduled
445,64,2026-07-04,09:00,17:00,0,Scheduled
446,64,2026-07-05,09:00,17:00,0,Scheduled
447,64,2026-07-06,09:00,17:00,2,Scheduled
448,64,2026-07-07,09:00,17:00,0,Scheduled
449,65,2026-07-01,09:00,17:00,0,Scheduled
450,65,2026-07-02,09:00,17:00,2,Scheduled
451,65,2026-07-03,09:00,17:00,0,Scheduled
452,65,2026-07-04,09:00,17:00,0,Scheduled
453,65,2026-07-05,09:00,17:00,0,Scheduled
454,65,2026-07-06,09:00,17:00,0,Scheduled
455,65,2026-07-07,09:00,17:00,1,Scheduled
456,66,2026-07-01,09:00,17:00,0,Scheduled
457,66,2026-07-02,09:00,17:00,0,Scheduled
458,66,2026-07-03,09:00,17:00,0,Scheduled
459,66,2026-07-04,09:00,17:00,0,Scheduled
460,66,2026-07-05,09:00,17:00,1,Scheduled
461,66,2026-07-06,09:00,17:00,2,Scheduled
462,66,2026-07-07,09:00,17:00,1,Scheduled
463,67,2026-07-01,09:00,17:00,1,Scheduled
464,67,2026-07-02,09:00,17:00,2,Scheduled
465,67,2026-07-03,09:00,17:00,0,Scheduled
466,67,2026-07-04,09:00,17:00,0,Scheduled
467,67,2026-07-05,09:00,17:00,1,Scheduled
468,67,2026-07-06,09:00,17:00,1,Scheduled
469,67,2026-07-07,09:00,17:00,0,Scheduled
470,68,2026-07-01,09:00,17:00,0,Scheduled
471,68,2026-07-02,09:00,17:00,1,Scheduled
472,68,2026-07-03,09:00,17:00,1,Scheduled
473,68,2026-07-04,09:00,17:00,0,Scheduled
474,68,2026-07-05,09:00,17:00,0,Scheduled
475,68,2026-07-06,09:00,17:00,2,Scheduled
476,68,2026-07-07,09:00,17:00,0,Scheduled
477,69,2026-07-01,09:00,17:00,2,Scheduled
478,69,2026-07-02,09:00,17:00,2,Scheduled
479,69,2026-07-03,09:00,17:00,1,Scheduled
480,69,2026-07-04,09:00,17:00,2,Scheduled
481,69,2026-07-05,09:00,17:00,0,Scheduled
482,69,2026-07-06,09:00,17:00,0,Scheduled
483,69,2026-07-07,09:00,17:00,0,Scheduled
484,70,2026-07-01,09:00,17:00,0,Scheduled
485,70,2026-07-02,09:00,17:00,0,Scheduled
486,70,2026-07-03,09:00,17:00,0,Scheduled
487,70,2026-07-04,09:00,17:00,0,Scheduled
488,70,2026-07-05,09:00,17:00,0,Scheduled
489,70,2026-07-06,09:00,17:00,0,Scheduled
490,70,2026-07-07,09:00,17:00,2,Scheduled
491,71,2026-07-01,09:00,17:00,0,Scheduled
492,71,2026-07-02,09:00,17:00,0,Scheduled
493,71,2026-07-03,09:00,17:00,0,Scheduled
494,71,2026-07-04,09:00,17:00,0,Scheduled
495,71,2026-07-05,09:00,17:00,2,Scheduled
496,71,2026-07-06,09:00,17:00,0,Scheduled
497,71,2026-07-07,09:00,17:00,0,Scheduled
498,72,2026-07-01,09:00,17:00,0,Scheduled
499,72,2026-07-02,09:00,17:00,2,Scheduled
500,72,2026-07-03,09:00,17:00,0,Scheduled
501,72,2026-07-04,09:00,17:00,0,Scheduled
502,72,2026-07-05,09:00,17:00,0,Scheduled
503,72,2026-07-06,09:00,17:00,0,Scheduled
504,72,2026-07-07,09:00,17:00,0,Scheduled
505,73,2026-07-01,09:00,17:00,0,Scheduled
506,73,2026-07-02,09:00,17:00,0,Scheduled
507,73,2026-07-03,09:00,17:00,2,Scheduled
508,73,2026-07-04,09:00,17:00,2,Scheduled
509,73,2026-07-05,09:00,17:00,0,Scheduled
510,73,2026-07-06,09:00,17:00,0,Scheduled
511,73,2026-07-07,09:00,17:00,1,Scheduled
512,74,2026-07-01,09:00,17:00,0,Scheduled
513,74,2026-07-02,09:00,17:00,1,Scheduled
514,74,2026-07-03,09:00,17:00,1,Scheduled
515,74,2026-07-04,09:00,17:00,1,Scheduled
516,74,2026-07-05,09:00,17:00,0,Scheduled
517,74,2026-07-06,09:00,17:00,2,Scheduled
518,74,2026-07-07,09:00,17:00,0,Scheduled
519,75,2026-07-01,09:00,17:00,0,Scheduled
520,75,2026-07-02,09:00,17:00,0,Scheduled
521,75,2026-07-03,09:00,17:00,2,Scheduled
522,75,2026-07-04,09:00,17:00,0,Scheduled
523,75,2026-07-05,09:00,17:00,2,Scheduled
524,75,2026-07-06,09:00,17:00,0,Scheduled
525,75,2026-07-07,09:00,17:00,0,Scheduled
526,76,2026-07-01,09:00,17:00,1,Scheduled
527,76,2026-07-02,09:00,17:00,0,Scheduled
528,76,2026-07-03,09:00,17:00,0,Scheduled
529,76,2026-07-04,09:00,17:00,0,Scheduled
530,76,2026-07-05,09:00,17:00,1,Scheduled
531,76,2026-07-06,09:00,17:00,1,Scheduled
532,76,2026-07-07,09:00,17:00,0,Scheduled
533,77,2026-07-01,09:00,17:00,0,Scheduled
534,77,2026-07-02,09:00,17:00,2,Scheduled
535,77,2026-07-03,09:00,17:00,0,Scheduled
536,77,2026-07-04,09:00,17:00,0,Scheduled
537,77,2026-07-05,09:00,17:00,0,Scheduled
538,77,2026-07-06,09:00,17:00,0,Scheduled
539,77,2026-07-07,09:00,17:00,1,Scheduled
540,78,2026-07-01,09:00,17:00,0,Scheduled
541,78,2026-07-02,09:00,17:00,0,Scheduled
542,78,2026-07-03,09:00,17:00,0,Scheduled
543,78,2026-07-04,09:00,17:00,1,Scheduled
544,78,2026-07-05,09:00,17:00,0,Scheduled
545,78,2026-07-06,09:00,17:00,0,Scheduled
546,78,2026-07-07,09:00,17:00,1,Scheduled
547,79,2026-07-01,09:00,17:00,1,Scheduled
548,79,2026-07-02,09:00,17:00,1,Scheduled
549,79,2026-07-03,09:00,17:00,2,Scheduled
550,79,2026-07-04,09:00,17:00,2,Scheduled
551,79,2026-07-05,09:00,17:00,1,Scheduled
552,79,2026-07-06,09:00,17:00,0,Scheduled
553,79,2026-07-07,09:00,17:00,1,Scheduled
554,80,2026-07-01,09:00,17:00,2,Scheduled
555,80,2026-07-02,09:00,17:00,2,Scheduled
556,80,2026-07-03,09:00,17:00,0,Scheduled
557,80,2026-07-04,09:00,17:00,0,Scheduled
558,80,2026-07-05,09:00,17:00,0,Scheduled
559,80,2026-07-06,09:00,17:00,0,Scheduled
560,80,2026-07-07,09:00,17:00,2,Scheduled
561,81,2026-07-01,09:00,17:00,0,Scheduled
562,81,2026-07-02,09:00,17:00,0,Scheduled
563,81,2026-07-03,09:00,17:00,0,Scheduled
564,81,2026-07-04,09:00,17:00,0,Scheduled
565,81,2026-07-05,09:00,17:00,0,Scheduled
566,81,2026-07-06,09:00,17:00,0,Scheduled
567,81,2026-07-07,09:00,17:00,1,Scheduled
568,82,2026-07-01,09:00,17:00,2,Scheduled
569,82,2026-07-02,09:00,17:00,0,Scheduled
570,82,2026-07-03,09:00,17:00,0,Scheduled
571,82,2026-07-04,09:00,17:00,0,Scheduled
572,82,2026-07-05,09:00,17:00,2,Scheduled
573,82,2026-07-06,09:00,17:00,2,Scheduled
574,82,2026-07-07,09:00,17:00,0,Scheduled
575,83,2026-07-01,09:00,17:00,0,Scheduled
576,83,2026-07-02,09:00,17:00,2,Scheduled
577,83,2026-07-03,09:00,17:00,1,Scheduled
578,83,2026-07-04,09:00,17:00,0,Scheduled
579,83,2026-07-05,09:00,17:00,0,Scheduled
580,83,2026-07-06,09:00,17:00,0,Scheduled
581,83,2026-07-07,09:00,17:00,0,Scheduled
582,84,2026-07-01,09:00,17:00,0,Scheduled
583,84,2026-07-02,09:00,17:00,0,Scheduled
584,84,2026-07-03,09:00,17:00,0,Scheduled
585,84,2026-07-04,09:00,17:00,0,Scheduled
586,84,2026-07-05,09:00,17:00,2,Scheduled
587,84,2026-07-06,09:00,17:00,0,Scheduled
588,84,2026-07-07,09:00,17:00,1,Scheduled
589,85,2026-07-01,09:00,17:00,1,Scheduled
590,85,2026-07-02,09:00,17:00,0,Scheduled
591,85,2026-07-03,09:00,17:00,0,Scheduled
592,85,2026-07-04,09:00,17:00,0,Scheduled
593,85,2026-07-05,09:00,17:00,0,Scheduled
594,85,2026-07-06,09:00,17:00,1,Scheduled
595,85,2026-07-07,09:00,17:00,0,Scheduled
596,86,2026-07-01,09:00,17:00,2,Scheduled
597,86,2026-07-02,09:00,17:00,0,Scheduled
598,86,2026-07-03,09:00,17:00,0,Scheduled
599,86,2026-07-04,09:00,17:00,0,Scheduled
600,86,2026-07-05,09:00,17:00,2,Scheduled
601,86,2026-07-06,09:00,17:00,0,Scheduled
602,86,2026-07-07,09:00,17:00,0,Scheduled
603,87,2026-07-01,09:00,17:00,1,Scheduled
604,87,2026-07-02,09:00,17:00,0,Scheduled
605,87,2026-07-03,09:00,17:00,0,Scheduled
606,87,2026-07-04,09:00,17:00,0,Scheduled
607,87,2026-07-05,09:00,17:00,0,Scheduled
608,87,2026-07-06,09:00,17:00,1,Scheduled
609,87,2026-07-07,09:00,17:00,0,Scheduled
610,88,2026-07-01,09:00,17:00,0,Scheduled
611,88,2026-07-02,09:00,17:00,0,Scheduled
612,88,2026-07-03,09:00,17:00,0,Scheduled
613,88,2026-07-04,09:00,17:00,0,Scheduled
614,88,2026-07-05,09:00,17:00,2,Scheduled
615,88,2026-07-06,09:00,17:00,2,Scheduled
616,88,2026-07-07,09:00,17:00,1,Scheduled
617,89,2026-07-01,09:00,17:00,0,Scheduled
618,89,2026-07-02,09:00,17:00,1,Scheduled
619,89,2026-07-03,09:00,17:00,2,Scheduled
620,89,2026-07-04,09:00,17:00,0,Scheduled
621,89,2026-07-05,09:00,17:00,0,Scheduled
622,89,2026-07-06,09:00,17:00,0,Scheduled
623,89,2026-07-07,09:00,17:00,0,Scheduled
624,90,2026-07-01,09:00,17:00,1,Scheduled
625,90,2026-07-02,09:00,17:00,0,Scheduled
626,90,2026-07-03,09:00,17:00,0,Scheduled
627,90,2026-07-04,09:00,17:00,0,Scheduled
628,90,2026-07-05,09:00,17:00,0,Scheduled
629,90,2026-07-06,09:00,17:00,0,Scheduled
630,90,2026-07-07,09:00,17:00,0,Scheduled
631,91,2026-07-01,09:00,17:00,0,Scheduled
632,91,2026-07-02,09:00,17:00,0,Scheduled
633,91,2026-07-03,09:00,17:00,0,Scheduled
634,91,2026-07-04,09:00,17:00,0,Scheduled
635,91,2026-07-05,09:00,17:00,0,Scheduled
636,91,2026-07-06,09:00,17:00,0,Scheduled
637,91,2026-07-07,09:00,17:00,2,Scheduled
638,92,2026-07-01,09:00,17:00,0,Scheduled
639,92,2026-07-02,09:00,17:00,0,Scheduled
640,92,2026-07-03,09:00,17:00,0,Scheduled
641,92,2026-07-04,09:00,17:00,0,Scheduled
642,92,2026-07-05,09:00,17:00,1,Scheduled
643,92,2026-07-06,09:00,17:00,2,Scheduled
644,92,2026-07-07,09:00,17:00,0,Scheduled
645,93,2026-07-01,09:00,17:00,1,Scheduled
646,93,2026-07-02,09:00,17:00,1,Scheduled
647,93,2026-07-03,09:00,17:00,2,Scheduled
648,93,2026-07-04,09:00,17:00,0,Scheduled
649,93,2026-07-05,09:00,17:00,0,Scheduled
650,93,2026-07-06,09:00,17:00,0,Scheduled
651,93,2026-07-07,09:00,17:00,2,Scheduled
652,94,2026-07-01,09:00,17:00,0,Scheduled
653,94,2026-07-02,09:00,17:00,0,Scheduled
654,94,2026-07-03,09:00,17:00,0,Scheduled
655,94,2026-07-04,09:00,17:00,0,Scheduled
656,94,2026-07-05,09:00,17:00,0,Scheduled
657,94,2026-07-06,09:00,17:00,0,Scheduled
658,94,2026-07-07,09:00,17:00,1,Scheduled
