inventory_id,store_id,product_id,quantity_on_hand,reorder_level,aisle_number,shelf_number,last_updated
1,1,1,126,20,A3,4,2026-08-01 08:00:00
2,1,2,162,20,A3,1,2026-08-01 08:00:00
3,1,3,5,20,A1,2,2026-08-01 08:00:00
4,1,4,50,20,A5,5,2026-08-01 08:00:00
5,1,5,141,20,A8,3,2026-08-01 08:00:00
6,1,6,49,20,A4,3,2026-08-01 08:00:00
7,1,7,131,20,A1,3,2026-08-01 08:00:00
8,1,8,109,20,A6,4,2026-08-01 08:00:00
9,1,9,142,20,A7,3,2026-08-01 08:00:00
10,1,10,87,20,A8,3,2026-08-01 08:00:00
11,1,11,172,20,A2,4,2026-08-01 08:00:00
12,1,12,60,20,A3,5,2026-08-01 08:00:00
13,1,13,115,20,A2,3,2026-08-01 08:00:00
14,1,14,115,20,A7,2,2026-08-01 08:00:00
15,1,15,153,20,A1,3,2026-08-01 08:00:00
16,1,16,151,20,A1,1,2026-08-01 08:00:00
17,1,17,7,20,A3,1,2026-08-01 08:00:00
18,1,18,76,20,A8,1,2026-08-01 08:00:00
19,1,19,72,20,A6,3,2026-08-01 08:00:00
20,1,20,138,20,A1,5,2026-08-01 08:00:00
21,1,21,79,20,A6,3,2026-08-01 08:00:00
22,1,22,153,20,A3,5,2026-08-01 08:00:00
23,1,23,133,20,A5,2,2026-08-01 08:00:00
24,1,24,4,20,A8,5,2026-08-01 08:00:00
25,1,25,139,20,A2,3,2026-08-01 08:00:00
26,1,26,106,20,A4,5,2026-08-01 08:00:00
27,1,27,113,20,A8,2,2026-08-01 08:00:00
28,1,28,71,20,A2,4,2026-08-01 08:00:00
29,1,29,84,20,A8,1,2026-08-01 08:00:00
30,1,30,121,20,A2,5,2026-08-01 08:00:00
31,1,31,178,20,A5,2,2026-08-01 08:00:00
32,1,32,84,20,A4,1,2026-08-01 08:00:00
33,1,33,91,20,A4,4,2026-08-01 08:00:00
34,1,34,7,20,A6,4,2026-08-01 08:00:00
35,1,35,73,20,A2,1,2026-08-01 08:00:00
36,1,36,119,20,A8,5,2026-08-01 08:00:00
37,1,37,145,20,A2,2,2026-08-01 08:00:00
38,1,38,121,20,A8,4,2026-08-01 08:00:00
39,1,39,172,20,A3,2,2026-08-01 08:00:00
40,1,40,150,20,A1,1,2026-08-01 08:00:00
41,1,41,172,20,A3,2,2026-08-01 08:00:00
42,1,42,122,20,A4,3,2026-08-01 08:00:00
43,1,43,172,20,A2,3,2026-08-01 08:00:00
44,1,44,90,20,A5,2,2026-08-01 08:00:00
45,1,45,117,20,A2,5,2026-08-01 08:00:00
46,1,46,83,20,A3,2,2026-08-01 08:00:00
47,1,47,126,20,A1,1,2026-08-01 08:00:00
48,1,48,60,20,A5,2,2026-08-01 08:00:00
49,1,49,146,20,A1,4,2026-08-01 08:00:00
50,1,50,179,20,A5,4,2026-08-01 08:00:00
51,1,51,14,20,A7,3,2026-08-01 08:00:00
52,1,52,156,20,A1,2,2026-08-01 08:00:00
53,1,53,152,20,A8,2,2026-08-01 08:00:00
54,1,54,127,20,A6,3,2026-08-01 08:00:00
55,1,55,128,20,A3,3,2026-08-01 08:00:00
56,1,56,171,20,A6,2,2026-08-01 08:00:00
57,1,57,159,20,A8,2,2026-08-01 08:00:00
58,1,58,76,20,A5,4,2026-08-01 08:00:00
59,1,59,147,20,A3,3,2026-08-01 08:00:00
60,1,60,120,20,A3,4,2026-08-01 08:00:00
61,1,61,171,20,A5,4,2026-08-01 08:00:00
62,1,62,45,20,A7,5,2026-08-01 08:00:00
63,1,63,157,20,A4,5,2026-08-01 08:00:00
64,1,64,130,20,A5,4,2026-08-01 08:00:00
65,1,65,160,20,A1,1,2026-08-01 08:00:00
66,1,66,150,20,A5,3,2026-08-01 08:00:00
67,1,67,143,20,A7,1,2026-08-01 08:00:00
68,1,68,7,20,A5,1,2026-08-01 08:00:00
69,1,69,138,20,A5,5,2026-08-01 08:00:00
70,1,70,70,20,A2,4,2026-08-01 08:00:00
71,1,71,135,20,A6,5,2026-08-01 08:00:00
72,1,72,133,20,A4,5,2026-08-01 08:00:00
73,1,73,170,20,A1,1,2026-08-01 08:00:00
74,1,74,49,20,A6,4,2026-08-01 08:00:00
75,1,75,172,20,A3,3,2026-08-01 08:00:00
76,1,76,121,20,A5,5,2026-08-01 08:00:00
77,1,77,126,20,A8,5,2026-08-01 08:00:00
78,1,78,116,20,A1,3,2026-08-01 08:00:00
79,1,79,124,20,A7,5,2026-08-01 08:00:00
80,1,80,118,20,A1,5,2026-08-01 08:00:00
81,1,81,161,20,A4,1,2026-08-01 08:00:00
82,1,82,162,20,A7,2,2026-08-01 08:00:00
83,1,83,13,20,A2,2,2026-08-01 08:00:00
84,1,84,44,20,A7,2,2026-08-01 08:00:00
85,1,85,13,20,A4,4,2026-08-01 08:00:00
86,1,86,168,20,A8,1,2026-08-01 08:00:00
87,1,87,75,20,A6,4,2026-08-01 08:00:00
88,1,88,174,20,A3,4,2026-08-01 08:00:00
89,1,89,176,20,A6,3,2026-08-01 08:00:00
90,1,90,163,20,A4,3,2026-08-01 08:00:00
91,1,91,116,20,A5,3,2026-08-01 08:00:00
92,1,92,93,20,A8,3,2026-08-01 08:00:00
93,1,93,162,20,A5,3,2026-08-01 08:00:00
94,1,94,71,20,A7,4,2026-08-01 08:00:00
95,1,95,128,20,A3,3,2026-08-01 08:00:00
96,1,96,50,20,A2,3,2026-08-01 08:00:00
97,1,97,153,20,A8,2,2026-08-01 08:00:00
98,1,98,91,20,A5,5,2026-08-01 08:00:00
99,1,99,109,20,A4,2,2026-08-01 08:00:00
100,1,100,52,20,A4,2,2026-08-01 08:00:00
101,1,101,53,20,A6,4,2026-08-01 08:00:00
102,1,102,12,20,A3,1,2026-08-01 08:00:00
103,1,103,180,20,A3,4,2026-08-01 08:00:00
104,1,104,161,20,A4,3,2026-08-01 08:00:00
105,1,105,122,20,A1,1,2026-08-01 08:00:00
106,1,106,99,20,A1,2,2026-08-01 08:00:00
107,1,107,146,20,A3,1,2026-08-01 08:00:00
108,1,108,141,20,A3,3,2026-08-01 08:00:00
109,1,109,11,20,A2,3,2026-08-01 08:00:00
110,1,110,112,20,A8,2,2026-08-01 08:00:00
111,1,111,169,20,A4,1,2026-08-01 08:00:00
112,1,112,124,20,A8,3,2026-08-01 08:00:00
113,1,113,7,20,A5,5,2026-08-01 08:00:00
114,1,114,89,20,A7,4,2026-08-01 08:00:00
115,1,115,171,20,A7,1,2026-08-01 08:00:00
116,1,116,87,20,A8,3,2026-08-01 08:00:00
117,1,117,8,20,A4,4,2026-08-01 08:00:00
118,1,118,108,20,A5,5,2026-08-01 08:00:00
119,1,119,6,20,A6,2,2026-08-01 08:00:00
120,1,120,55,20,A8,3,2026-08-01 08:00:00
121,1,121,80,20,A5,1,2026-08-01 08:00:00
122,1,122,115,20,A4,2,2026-08-01 08:00:00
123,1,123,74,20,A8,5,2026-08-01 08:00:00
124,1,124,135,20,A8,5,2026-08-01 08:00:00
125,1,125,95,20,A2,5,2026-08-01 08:00:00
126,1,126,154,20,A6,1,2026-08-01 08:00:00
127,1,127,68,20,A4,5,2026-08-01 08:00:00
128,1,128,177,20,A6,5,2026-08-01 08:00:00
129,1,129,153,20,A4,5,2026-08-01 08:00:00
130,1,130,165,20,A8,1,2026-08-01 08:00:00
131,1,131,156,20,A7,4,2026-08-01 08:00:00
132,1,132,54,20,A5,1,2026-08-01 08:00:00
133,1,133,141,20,A1,2,2026-08-01 08:00:00
134,1,134,58,20,A6,1,2026-08-01 08:00:00
135,1,135,178,20,A2,4,2026-08-01 08:00:00
136,1,136,6,20,A7,2,2026-08-01 08:00:00
137,1,137,74,20,A7,3,2026-08-01 08:00:00
138,1,138,137,20,A7,4,2026-08-01 08:00:00
139,1,139,60,20,A3,3,2026-08-01 08:00:00
140,1,140,70,20,A7,5,2026-08-01 08:00:00
141,1,141,72,20,A4,1,2026-08-01 08:00:00
142,1,142,45,20,A8,5,2026-08-01 08:00:00
143,1,143,148,20,A4,2,2026-08-01 08:00:00
144,1,144,157,20,A5,2,2026-08-01 08:00:00
145,1,145,12,20,A7,5,2026-08-01 08:00:00
146,1,146,44,20,A2,1,2026-08-01 08:00:00
147,1,147,48,20,A1,2,2026-08-01 08:00:00
148,1,148,51,20,A4,5,2026-08-01 08:00:00
149,1,149,95,20,A1,2,2026-08-01 08:00:00
150,1,150,168,20,A4,5,2026-08-01 08:00:00
151,1,151,121,20,A6,2,2026-08-01 08:00:00
152,1,152,117,20,A4,4,2026-08-01 08:00:00
153,1,153,6,20,A1,5,2026-08-01 08:00:00
154,1,154,84,20,A7,5,2026-08-01 08:00:00
155,1,155,166,20,A6,4,2026-08-01 08:00:00
156,1,156,174,20,A7,4,2026-08-01 08:00:00
157,1,157,78,20,A3,5,2026-08-01 08:00:00
158,1,158,161,20,A4,3,2026-08-01 08:00:00
159,1,159,76,20,A1,5,2026-08-01 08:00:00
160,1,160,145,20,A3,4,2026-08-01 08:00:00
161,1,161,102,20,A6,1,2026-08-01 08:00:00
162,1,162,155,20,A2,5,2026-08-01 08:00:00
163,1,163,88,20,A7,5,2026-08-01 08:00:00
164,1,164,50,20,A4,5,2026-08-01 08:00:00
165,1,165,95,20,A6,3,2026-08-01 08:00:00
166,1,166,43,20,A4,1,2026-08-01 08:00:00
167,1,167,162,20,A4,4,2026-08-01 08:00:00
168,1,168,101,20,A5,4,2026-08-01 08:00:00
169,1,169,159,20,A6,3,2026-08-01 08:00:00
170,1,170,7,20,A8,4,2026-08-01 08:00:00
171,1,171,65,20,A8,3,2026-08-01 08:00:00
172,1,172,92,20,A7,1,2026-08-01 08:00:00
173,1,173,96,20,A1,3,2026-08-01 08:00:00
174,1,174,146,20,A4,3,2026-08-01 08:00:00
175,1,175,98,20,A4,4,2026-08-01 08:00:00
176,1,176,180,20,A6,3,2026-08-01 08:00:00
177,1,177,165,20,A8,4,2026-08-01 08:00:00
178,1,178,83,20,A6,2,2026-08-01 08:00:00
179,1,179,75,20,A8,2,2026-08-01 08:00:00
180,1,180,178,20,A1,5,2026-08-01 08:00:00
181,1,181,48,20,A2,1,2026-08-01 08:00:00
182,1,182,41,20,A4,1,2026-08-01 08:00:00
183,1,183,10,20,A8,3,2026-08-01 08:00:00
184,1,184,55,20,A8,4,2026-08-01 08:00:00
185,1,185,10,20,A7,1,2026-08-01 08:00:00
186,1,186,44,20,A5,5,2026-08-01 08:00:00
187,1,187,2,20,A7,2,2026-08-01 08:00:00
188,1,188,67,20,A3,2,2026-08-01 08:00:00
189,1,189,89,20,A5,3,2026-08-01 08:00:00
190,1,190,108,20,A2,3,2026-08-01 08:00:00
191,1,191,143,20,A4,2,2026-08-01 08:00:00
192,1,192,116,20,A2,1,2026-08-01 08:00:00
193,1,193,63,20,A7,5,2026-08-01 08:00:00
194,1,194,161,20,A1,2,2026-08-01 08:00:00
195,1,195,61,20,A7,3,2026-08-01 08:00:00
196,1,196,64,20,A1,2,2026-08-01 08:00:00
197,1,197,94,20,A8,3,2026-08-01 08:00:00
198,1,198,51,20,A5,5,2026-08-01 08:00:00
199,1,199,48,20,A6,1,2026-08-01 08:00:00
200,1,200,93,20,A7,1,2026-08-01 08:00:00
201,1,201,116,20,A4,5,2026-08-01 08:00:00
202,1,202,139,20,A6,4,2026-08-01 08:00:00
203,1,203,75,20,A2,5,2026-08-01 08:00:00
204,1,204,2,20,A2,4,2026-08-01 08:00:00
205,1,205,99,20,A6,5,2026-08-01 08:00:00
206,1,206,141,20,A6,1,2026-08-01 08:00:00
207,1,207,109,20,A8,4,2026-08-01 08:00:00
208,1,208,98,20,A7,4,2026-08-01 08:00:00
209,1,209,87,20,A7,1,2026-08-01 08:00:00
210,1,210,115,20,A2,1,2026-08-01 08:00:00
211,1,211,108,20,A3,4,2026-08-01 08:00:00
212,1,212,121,20,A2,1,2026-08-01 08:00:00
213,1,213,118,20,A5,1,2026-08-01 08:00:00
214,1,214,73,20,A7,4,2026-08-01 08:00:00
215,1,215,171,20,A1,1,2026-08-01 08:00:00
216,1,216,130,20,A6,4,2026-08-01 08:00:00
217,1,217,43,20,A7,1,2026-08-01 08:00:00
218,1,218,102,20,A3,4,2026-08-01 08:00:00
219,1,219,83,20,A5,3,2026-08-01 08:00:00
220,1,220,166,20,A3,4,2026-08-01 08:00:00
221,1,221,8,20,A5,4,2026-08-01 08:00:00
222,1,222,59,20,A4,4,2026-08-01 08:00:00
223,1,223,90,20,A3,3,2026-08-01 08:00:00
224,1,224,41,20,A6,5,2026-08-01 08:00:00
225,1,225,137,20,A6,4,2026-08-01 08:00:00
226,1,226,125,20,A3,3,2026-08-01 08:00:00
227,1,227,122,20,A4,4,2026-08-01 08:00:00
228,1,228,120,20,A7,3,2026-08-01 08:00:00
229,1,229,114,20,A8,5,2026-08-01 08:00:00
230,1,230,102,20,A5,4,2026-08-01 08:00:00
231,1,231,133,20,A4,5,2026-08-01 08:00:00
232,1,232,179,20,A1,4,2026-08-01 08:00:00
233,1,233,93,20,A5,1,2026-08-01 08:00:00
234,1,234,144,20,A3,3,2026-08-01 08:00:00
235,1,235,101,20,A3,4,2026-08-01 08:00:00
236,1,236,136,20,A8,5,2026-08-01 08:00:00
237,1,237,142,20,A7,5,2026-08-01 08:00:00
238,1,238,14,20,A6,5,2026-08-01 08:00:00
239,1,239,61,20,A4,3,2026-08-01 08:00:00
240,1,240,82,20,A1,5,2026-08-01 08:00:00
241,1,241,142,20,A6,4,2026-08-01 08:00:00
242,1,242,6,20,A4,5,2026-08-01 08:00:00
243,1,243,172,20,A4,4,2026-08-01 08:00:00
244,1,244,135,20,A3,3,2026-08-01 08:00:00
245,1,245,46,20,A5,4,2026-08-01 08:00:00
246,1,246,61,20,A3,3,2026-08-01 08:00:00
247,1,247,119,20,A4,5,2026-08-01 08:00:00
248,1,248,163,20,A2,4,2026-08-01 08:00:00
249,1,249,155,20,A5,1,2026-08-01 08:00:00
250,1,250,7,20,A2,2,2026-08-01 08:00:00
251,2,1,102,20,A3,3,2026-08-01 08:00:00
252,2,2,149,20,A4,4,2026-08-01 08:00:00
253,2,3,87,20,A7,4,2026-08-01 08:00:00
254,2,4,47,20,A4,4,2026-08-01 08:00:00
255,2,5,149,20,A4,2,2026-08-01 08:00:00
256,2,6,111,20,A2,5,2026-08-01 08:00:00
257,2,7,66,20,A3,3,2026-08-01 08:00:00
258,2,8,123,20,A2,3,2026-08-01 08:00:00
259,2,9,165,20,A6,5,2026-08-01 08:00:00
260,2,10,139,20,A2,3,2026-08-01 08:00:00
261,2,11,130,20,A3,3,2026-08-01 08:00:00
262,2,12,61,20,A6,1,2026-08-01 08:00:00
263,2,13,101,20,A3,3,2026-08-01 08:00:00
264,2,14,76,20,A7,5,2026-08-01 08:00:00
265,2,15,75,20,A7,2,2026-08-01 08:00:00
266,2,16,164,20,A3,5,2026-08-01 08:00:00
267,2,17,9,20,A5,2,2026-08-01 08:00:00
268,2,18,87,20,A8,5,2026-08-01 08:00:00
269,2,19,53,20,A1,4,2026-08-01 08:00:00
270,2,20,74,20,A7,5,2026-08-01 08:00:00
271,2,21,169,20,A7,4,2026-08-01 08:00:00
272,2,22,146,20,A8,4,2026-08-01 08:00:00
273,2,23,82,20,A1,2,2026-08-01 08:00:00
274,2,24,5,20,A5,2,2026-08-01 08:00:00
275,2,25,157,20,A8,5,2026-08-01 08:00:00
276,2,26,170,20,A2,3,2026-08-01 08:00:00
277,2,27,179,20,A6,5,2026-08-01 08:00:00
278,2,28,50,20,A8,5,2026-08-01 08:00:00
279,2,29,95,20,A2,2,2026-08-01 08:00:00
280,2,30,116,20,A1,4,2026-08-01 08:00:00
281,2,31,107,20,A2,4,2026-08-01 08:00:00
282,2,32,70,20,A4,2,2026-08-01 08:00:00
283,2,33,129,20,A7,2,2026-08-01 08:00:00
284,2,34,14,20,A4,2,2026-08-01 08:00:00
285,2,35,55,20,A5,5,2026-08-01 08:00:00
286,2,36,177,20,A5,3,2026-08-01 08:00:00
287,2,37,108,20,A2,2,2026-08-01 08:00:00
288,2,38,145,20,A5,2,2026-08-01 08:00:00
289,2,39,73,20,A6,2,2026-08-01 08:00:00
290,2,40,140,20,A5,4,2026-08-01 08:00:00
291,2,41,136,20,A2,4,2026-08-01 08:00:00
292,2,42,171,20,A6,4,2026-08-01 08:00:00
293,2,43,164,20,A1,1,2026-08-01 08:00:00
294,2,44,157,20,A6,1,2026-08-01 08:00:00
295,2,45,176,20,A7,2,2026-08-01 08:00:00
296,2,46,166,20,A5,3,2026-08-01 08:00:00
297,2,47,180,20,A8,3,2026-08-01 08:00:00
298,2,48,52,20,A8,1,2026-08-01 08:00:00
299,2,49,71,20,A3,4,2026-08-01 08:00:00
300,2,50,8,20,A4,2,2026-08-01 08:00:00
301,2,51,4,20,A5,1,2026-08-01 08:00:00
302,2,52,132,20,A6,2,2026-08-01 08:00:00
303,2,53,53,20,A5,2,2026-08-01 08:00:00
304,2,54,149,20,A2,1,2026-08-01 08:00:00
305,2,55,94,20,A3,5,2026-08-01 08:00:00
306,2,56,97,20,A8,1,2026-08-01 08:00:00
307,2,57,42,20,A2,4,2026-08-01 08:00:00
308,2,58,73,20,A4,4,2026-08-01 08:00:00
309,2,59,62,20,A2,1,2026-08-01 08:00:00
310,2,60,120,20,A5,2,2026-08-01 08:00:00
311,2,61,137,20,A3,2,2026-08-01 08:00:00
312,2,62,57,20,A1,5,2026-08-01 08:00:00
313,2,63,82,20,A4,2,2026-08-01 08:00:00
314,2,64,145,20,A8,2,2026-08-01 08:00:00
315,2,65,62,20,A3,1,2026-08-01 08:00:00
316,2,66,138,20,A7,3,2026-08-01 08:00:00
317,2,67,75,20,A2,2,2026-08-01 08:00:00
318,2,68,14,20,A1,3,2026-08-01 08:00:00
319,2,69,92,20,A4,4,2026-08-01 08:00:00
320,2,70,115,20,A4,4,2026-08-01 08:00:00
321,2,71,138,20,A8,5,2026-08-01 08:00:00
322,2,72,58,20,A1,3,2026-08-01 08:00:00
323,2,73,121,20,A7,3,2026-08-01 08:00:00
324,2,74,179,20,A8,1,2026-08-01 08:00:00
325,2,75,44,20,A1,3,2026-08-01 08:00:00
326,2,76,2,20,A7,5,2026-08-01 08:00:00
327,2,77,113,20,A7,4,2026-08-01 08:00:00
328,2,78,142,20,A3,3,2026-08-01 08:00:00
329,2,79,61,20,A4,2,2026-08-01 08:00:00
330,2,80,177,20,A2,3,2026-08-01 08:00:00
331,2,81,151,20,A4,1,2026-08-01 08:00:00
332,2,82,102,20,A7,1,2026-08-01 08:00:00
333,2,83,156,20,A1,3,2026-08-01 08:00:00
334,2,84,84,20,A3,1,2026-08-01 08:00:00
335,2,85,9,20,A6,5,2026-08-01 08:00:00
336,2,86,172,20,A5,2,2026-08-01 08:00:00
337,2,87,135,20,A5,1,2026-08-01 08:00:00
338,2,88,47,20,A7,3,2026-08-01 08:00:00
339,2,89,174,20,A2,4,2026-08-01 08:00:00
340,2,90,156,20,A1,4,2026-08-01 08:00:00
341,2,91,82,20,A5,1,2026-08-01 08:00:00
342,2,92,69,20,A1,1,2026-08-01 08:00:00
343,2,93,43,20,A8,3,2026-08-01 08:00:00
344,2,94,138,20,A3,1,2026-08-01 08:00:00
345,2,95,147,20,A4,4,2026-08-01 08:00:00
346,2,96,121,20,A2,5,2026-08-01 08:00:00
347,2,97,135,20,A1,2,2026-08-01 08:00:00
348,2,98,97,20,A1,4,2026-08-01 08:00:00
349,2,99,57,20,A5,3,2026-08-01 08:00:00
350,2,100,123,20,A8,1,2026-08-01 08:00:00
351,2,101,134,20,A5,5,2026-08-01 08:00:00
352,2,102,9,20,A6,5,2026-08-01 08:00:00
353,2,103,166,20,A4,5,2026-08-01 08:00:00
354,2,104,102,20,A7,1,2026-08-01 08:00:00
355,2,105,99,20,A1,3,2026-08-01 08:00:00
356,2,106,40,20,A7,3,2026-08-01 08:00:00
357,2,107,66,20,A4,4,2026-08-01 08:00:00
358,2,108,165,20,A3,3,2026-08-01 08:00:00
359,2,109,63,20,A4,5,2026-08-01 08:00:00
360,2,110,145,20,A6,4,2026-08-01 08:00:00
361,2,111,61,20,A3,4,2026-08-01 08:00:00
362,2,112,59,20,A1,4,2026-08-01 08:00:00
363,2,113,73,20,A5,3,2026-08-01 08:00:00
364,2,114,140,20,A6,3,2026-08-01 08:00:00
365,2,115,155,20,A2,2,2026-08-01 08:00:00
366,2,116,74,20,A2,2,2026-08-01 08:00:00
367,2,117,67,20,A8,3,2026-08-01 08:00:00
368,2,118,144,20,A6,2,2026-08-01 08:00:00
369,2,119,6,20,A8,3,2026-08-01 08:00:00
370,2,120,70,20,A5,5,2026-08-01 08:00:00
371,2,121,50,20,A6,2,2026-08-01 08:00:00
372,2,122,63,20,A6,4,2026-08-01 08:00:00
373,2,123,171,20,A5,3,2026-08-01 08:00:00
374,2,124,8,20,A8,5,2026-08-01 08:00:00
375,2,125,180,20,A8,1,2026-08-01 08:00:00
376,2,126,75,20,A1,2,2026-08-01 08:00:00
377,2,127,73,20,A7,3,2026-08-01 08:00:00
378,2,128,61,20,A5,1,2026-08-01 08:00:00
379,2,129,45,20,A4,4,2026-08-01 08:00:00
380,2,130,72,20,A6,1,2026-08-01 08:00:00
381,2,131,50,20,A1,2,2026-08-01 08:00:00
382,2,132,150,20,A7,4,2026-08-01 08:00:00
383,2,133,47,20,A7,2,2026-08-01 08:00:00
384,2,134,130,20,A3,3,2026-08-01 08:00:00
385,2,135,111,20,A3,1,2026-08-01 08:00:00
386,2,136,12,20,A5,4,2026-08-01 08:00:00
387,2,137,145,20,A8,1,2026-08-01 08:00:00
388,2,138,62,20,A3,4,2026-08-01 08:00:00
389,2,139,91,20,A4,5,2026-08-01 08:00:00
390,2,140,44,20,A6,4,2026-08-01 08:00:00
391,2,141,179,20,A6,5,2026-08-01 08:00:00
392,2,142,168,20,A5,2,2026-08-01 08:00:00
393,2,143,46,20,A4,1,2026-08-01 08:00:00
394,2,144,111,20,A8,5,2026-08-01 08:00:00
395,2,145,131,20,A4,2,2026-08-01 08:00:00
396,2,146,65,20,A4,3,2026-08-01 08:00:00
397,2,147,176,20,A1,2,2026-08-01 08:00:00
398,2,148,139,20,A3,2,2026-08-01 08:00:00
399,2,149,100,20,A6,5,2026-08-01 08:00:00
400,2,150,47,20,A6,5,2026-08-01 08:00:00
401,2,151,76,20,A4,4,2026-08-01 08:00:00
402,2,152,178,20,A8,1,2026-08-01 08:00:00
403,2,153,2,20,A4,5,2026-08-01 08:00:00
404,2,154,9,20,A1,3,2026-08-01 08:00:00
405,2,155,91,20,A6,2,2026-08-01 08:00:00
406,2,156,122,20,A3,5,2026-08-01 08:00:00
407,2,157,76,20,A6,1,2026-08-01 08:00:00
408,2,158,135,20,A7,5,2026-08-01 08:00:00
409,2,159,65,20,A6,2,2026-08-01 08:00:00
410,2,160,80,20,A7,4,2026-08-01 08:00:00
411,2,161,121,20,A6,2,2026-08-01 08:00:00
412,2,162,84,20,A5,2,2026-08-01 08:00:00
413,2,163,85,20,A7,5,2026-08-01 08:00:00
414,2,164,48,20,A6,5,2026-08-01 08:00:00
415,2,165,96,20,A2,4,2026-08-01 08:00:00
416,2,166,76,20,A2,2,2026-08-01 08:00:00
417,2,167,128,20,A3,1,2026-08-01 08:00:00
418,2,168,125,20,A5,2,2026-08-01 08:00:00
419,2,169,103,20,A6,3,2026-08-01 08:00:00
420,2,170,13,20,A1,1,2026-08-01 08:00:00
421,2,171,138,20,A7,2,2026-08-01 08:00:00
422,2,172,145,20,A7,3,2026-08-01 08:00:00
423,2,173,179,20,A8,5,2026-08-01 08:00:00
424,2,174,97,20,A2,1,2026-08-01 08:00:00
425,2,175,6,20,A2,1,2026-08-01 08:00:00
426,2,176,127,20,A7,2,2026-08-01 08:00:00
427,2,177,59,20,A2,3,2026-08-01 08:00:00
428,2,178,163,20,A7,2,2026-08-01 08:00:00
429,2,179,151,20,A2,3,2026-08-01 08:00:00
430,2,180,92,20,A7,5,2026-08-01 08:00:00
431,2,181,178,20,A5,3,2026-08-01 08:00:00
432,2,182,100,20,A7,5,2026-08-01 08:00:00
433,2,183,180,20,A3,1,2026-08-01 08:00:00
434,2,184,3,20,A5,5,2026-08-01 08:00:00
435,2,185,162,20,A1,2,2026-08-01 08:00:00
436,2,186,83,20,A2,4,2026-08-01 08:00:00
437,2,187,6,20,A7,4,2026-08-01 08:00:00
438,2,188,165,20,A5,1,2026-08-01 08:00:00
439,2,189,179,20,A6,4,2026-08-01 08:00:00
440,2,190,134,20,A1,3,2026-08-01 08:00:00
441,2,191,152,20,A4,3,2026-08-01 08:00:00
442,2,192,55,20,A2,1,2026-08-01 08:00:00
443,2,193,128,20,A7,5,2026-08-01 08:00:00
444,2,194,98,20,A7,5,2026-08-01 08:00:00
445,2,195,147,20,A8,5,2026-08-01 08:00:00
446,2,196,100,20,A2,4,2026-08-01 08:00:00
447,2,197,48,20,A3,1,2026-08-01 08:00:00
448,2,198,154,20,A3,2,2026-08-01 08:00:00
449,2,199,89,20,A7,1,2026-08-01 08:00:00
450,2,200,151,20,A3,5,2026-08-01 08:00:00
451,2,201,106,20,A2,1,2026-08-01 08:00:00
452,2,202,139,20,A6,3,2026-08-01 08:00:00
453,2,203,173,20,A1,5,2026-08-01 08:00:00
454,2,204,14,20,A7,1,2026-08-01 08:00:00
455,2,205,146,20,A2,1,2026-08-01 08:00:00
456,2,206,65,20,A6,4,2026-08-01 08:00:00
457,2,207,107,20,A8,5,2026-08-01 08:00:00
458,2,208,6,20,A7,2,2026-08-01 08:00:00
459,2,209,7,20,A4,1,2026-08-01 08:00:00
460,2,210,161,20,A6,1,2026-08-01 08:00:00
461,2,211,126,20,A5,3,2026-08-01 08:00:00
462,2,212,111,20,A2,2,2026-08-01 08:00:00
463,2,213,74,20,A8,3,2026-08-01 08:00:00
464,2,214,108,20,A2,2,2026-08-01 08:00:00
465,2,215,153,20,A7,4,2026-08-01 08:00:00
466,2,216,172,20,A1,5,2026-08-01 08:00:00
467,2,217,80,20,A7,2,2026-08-01 08:00:00
468,2,218,174,20,A1,2,2026-08-01 08:00:00
469,2,219,89,20,A4,1,2026-08-01 08:00:00
470,2,220,2,20,A6,2,2026-08-01 08:00:00
471,2,221,7,20,A8,5,2026-08-01 08:00:00
472,2,222,141,20,A2,1,2026-08-01 08:00:00
473,2,223,101,20,A8,2,2026-08-01 08:00:00
474,2,224,161,20,A6,3,2026-08-01 08:00:00
475,2,225,81,20,A5,1,2026-08-01 08:00:00
476,2,226,2,20,A3,5,2026-08-01 08:00:00
477,2,227,94,20,A4,2,2026-08-01 08:00:00
478,2,228,108,20,A1,1,2026-08-01 08:00:00
479,2,229,161,20,A3,5,2026-08-01 08:00:00
480,2,230,42,20,A5,3,2026-08-01 08:00:00
481,2,231,148,20,A6,4,2026-08-01 08:00:00
482,2,232,104,20,A5,5,2026-08-01 08:00:00
483,2,233,141,20,A1,5,2026-08-01 08:00:00
484,2,234,135,20,A5,3,2026-08-01 08:00:00
485,2,235,67,20,A6,3,2026-08-01 08:00:00
486,2,236,123,20,A5,3,2026-08-01 08:00:00
487,2,237,88,20,A4,1,2026-08-01 08:00:00
488,2,238,12,20,A6,2,2026-08-01 08:00:00
489,2,239,46,20,A5,3,2026-08-01 08:00:00
490,2,240,147,20,A1,5,2026-08-01 08:00:00
491,2,241,88,20,A4,5,2026-08-01 08:00:00
492,2,242,161,20,A6,5,2026-08-01 08:00:00
493,2,243,116,20,A3,3,2026-08-01 08:00:00
494,2,244,64,20,A5,5,2026-08-01 08:00:00
495,2,245,86,20,A6,1,2026-08-01 08:00:00
496,2,246,96,20,A5,4,2026-08-01 08:00:00
497,2,247,124,20,A5,4,2026-08-01 08:00:00
498,2,248,70,20,A2,4,2026-08-01 08:00:00
499,2,249,89,20,A7,5,2026-08-01 08:00:00
500,2,250,116,20,A3,2,2026-08-01 08:00:00
501,3,1,91,20,A8,2,2026-08-01 08:00:00
502,3,2,120,20,A3,1,2026-08-01 08:00:00
503,3,3,164,20,A3,3,2026-08-01 08:00:00
504,3,4,6,20,A4,2,2026-08-01 08:00:00
505,3,5,80,20,A2,2,2026-08-01 08:00:00
506,3,6,151,20,A7,4,2026-08-01 08:00:00
507,3,7,162,20,A1,5,2026-08-01 08:00:00
508,3,8,91,20,A1,3,2026-08-01 08:00:00
509,3,9,175,20,A1,2,2026-08-01 08:00:00
510,3,10,97,20,A6,3,2026-08-01 08:00:00
511,3,11,73,20,A5,2,2026-08-01 08:00:00
512,3,12,56,20,A5,3,2026-08-01 08:00:00
513,3,13,156,20,A6,4,2026-08-01 08:00:00
514,3,14,74,20,A8,3,2026-08-01 08:00:00
515,3,15,88,20,A7,1,2026-08-01 08:00:00
516,3,16,98,20,A3,2,2026-08-01 08:00:00
517,3,17,11,20,A3,1,2026-08-01 08:00:00
518,3,18,133,20,A1,4,2026-08-01 08:00:00
519,3,19,105,20,A1,5,2026-08-01 08:00:00
520,3,20,52,20,A1,1,2026-08-01 08:00:00
521,3,21,69,20,A7,1,2026-08-01 08:00:00
522,3,22,180,20,A3,2,2026-08-01 08:00:00
523,3,23,42,20,A2,5,2026-08-01 08:00:00
524,3,24,109,20,A3,4,2026-08-01 08:00:00
525,3,25,66,20,A2,3,2026-08-01 08:00:00
526,3,26,69,20,A8,2,2026-08-01 08:00:00
527,3,27,91,20,A4,3,2026-08-01 08:00:00
528,3,28,144,20,A1,5,2026-08-01 08:00:00
529,3,29,167,20,A8,3,2026-08-01 08:00:00
530,3,30,12,20,A2,1,2026-08-01 08:00:00
531,3,31,166,20,A2,5,2026-08-01 08:00:00
532,3,32,59,20,A2,3,2026-08-01 08:00:00
533,3,33,99,20,A5,3,2026-08-01 08:00:00
534,3,34,2,20,A2,2,2026-08-01 08:00:00
535,3,35,50,20,A6,3,2026-08-01 08:00:00
536,3,36,149,20,A2,1,2026-08-01 08:00:00
537,3,37,42,20,A3,3,2026-08-01 08:00:00
538,3,38,131,20,A5,1,2026-08-01 08:00:00
539,3,39,135,20,A3,1,2026-08-01 08:00:00
540,3,40,142,20,A8,3,2026-08-01 08:00:00
541,3,41,138,20,A8,4,2026-08-01 08:00:00
542,3,42,82,20,A1,2,2026-08-01 08:00:00
543,3,43,66,20,A8,5,2026-08-01 08:00:00
544,3,44,152,20,A7,3,2026-08-01 08:00:00
545,3,45,47,20,A3,4,2026-08-01 08:00:00
546,3,46,164,20,A7,4,2026-08-01 08:00:00
547,3,47,51,20,A6,1,2026-08-01 08:00:00
548,3,48,174,20,A4,3,2026-08-01 08:00:00
549,3,49,172,20,A2,4,2026-08-01 08:00:00
550,3,50,103,20,A7,2,2026-08-01 08:00:00
551,3,51,2,20,A3,5,2026-08-01 08:00:00
552,3,52,160,20,A3,1,2026-08-01 08:00:00
553,3,53,165,20,A6,3,2026-08-01 08:00:00
554,3,54,52,20,A7,4,2026-08-01 08:00:00
555,3,55,100,20,A8,5,2026-08-01 08:00:00
556,3,56,154,20,A8,4,2026-08-01 08:00:00
557,3,57,120,20,A8,1,2026-08-01 08:00:00
558,3,58,66,20,A1,5,2026-08-01 08:00:00
559,3,59,3,20,A5,5,2026-08-01 08:00:00
560,3,60,92,20,A8,3,2026-08-01 08:00:00
561,3,61,133,20,A4,4,2026-08-01 08:00:00
562,3,62,124,20,A8,3,2026-08-01 08:00:00
563,3,63,155,20,A4,1,2026-08-01 08:00:00
564,3,64,127,20,A5,5,2026-08-01 08:00:00
565,3,65,173,20,A2,1,2026-08-01 08:00:00
566,3,66,82,20,A7,1,2026-08-01 08:00:00
567,3,67,105,20,A4,1,2026-08-01 08:00:00
568,3,68,5,20,A8,2,2026-08-01 08:00:00
569,3,69,126,20,A7,1,2026-08-01 08:00:00
570,3,70,71,20,A8,4,2026-08-01 08:00:00
571,3,71,169,20,A8,1,2026-08-01 08:00:00
572,3,72,175,20,A7,5,2026-08-01 08:00:00
573,3,73,163,20,A3,5,2026-08-01 08:00:00
574,3,74,84,20,A3,1,2026-08-01 08:00:00
575,3,75,139,20,A6,5,2026-08-01 08:00:00
576,3,76,138,20,A4,3,2026-08-01 08:00:00
577,3,77,141,20,A5,4,2026-08-01 08:00:00
578,3,78,74,20,A5,5,2026-08-01 08:00:00
579,3,79,120,20,A4,2,2026-08-01 08:00:00
580,3,80,93,20,A5,3,2026-08-01 08:00:00
581,3,81,73,20,A3,5,2026-08-01 08:00:00
582,3,82,178,20,A6,1,2026-08-01 08:00:00
583,3,83,130,20,A7,5,2026-08-01 08:00:00
584,3,84,113,20,A7,1,2026-08-01 08:00:00
585,3,85,3,20,A1,4,2026-08-01 08:00:00
586,3,86,77,20,A1,2,2026-08-01 08:00:00
587,3,87,108,20,A3,3,2026-08-01 08:00:00
588,3,88,104,20,A1,3,2026-08-01 08:00:00
589,3,89,92,20,A1,3,2026-08-01 08:00:00
590,3,90,155,20,A4,5,2026-08-01 08:00:00
591,3,91,139,20,A5,1,2026-08-01 08:00:00
592,3,92,137,20,A6,5,2026-08-01 08:00:00
593,3,93,6,20,A4,5,2026-08-01 08:00:00
594,3,94,153,20,A6,5,2026-08-01 08:00:00
595,3,95,179,20,A4,2,2026-08-01 08:00:00
596,3,96,115,20,A2,2,2026-08-01 08:00:00
597,3,97,84,20,A2,4,2026-08-01 08:00:00
598,3,98,50,20,A5,2,2026-08-01 08:00:00
599,3,99,81,20,A5,1,2026-08-01 08:00:00
600,3,100,124,20,A3,1,2026-08-01 08:00:00
601,3,101,79,20,A1,5,2026-08-01 08:00:00
602,3,102,9,20,A6,1,2026-08-01 08:00:00
603,3,103,121,20,A3,5,2026-08-01 08:00:00
604,3,104,57,20,A3,4,2026-08-01 08:00:00
605,3,105,179,20,A2,3,2026-08-01 08:00:00
606,3,106,96,20,A6,3,2026-08-01 08:00:00
607,3,107,132,20,A8,5,2026-08-01 08:00:00
608,3,108,42,20,A6,4,2026-08-01 08:00:00
609,3,109,101,20,A4,1,2026-08-01 08:00:00
610,3,110,122,20,A2,4,2026-08-01 08:00:00
611,3,111,105,20,A5,1,2026-08-01 08:00:00
612,3,112,172,20,A6,5,2026-08-01 08:00:00
613,3,113,170,20,A1,3,2026-08-01 08:00:00
614,3,114,89,20,A2,1,2026-08-01 08:00:00
615,3,115,82,20,A1,1,2026-08-01 08:00:00
616,3,116,93,20,A4,4,2026-08-01 08:00:00
617,3,117,66,20,A7,1,2026-08-01 08:00:00
618,3,118,13,20,A6,1,2026-08-01 08:00:00
619,3,119,3,20,A1,2,2026-08-01 08:00:00
620,3,120,104,20,A4,3,2026-08-01 08:00:00
621,3,121,144,20,A7,4,2026-08-01 08:00:00
622,3,122,12,20,A2,5,2026-08-01 08:00:00
623,3,123,41,20,A2,5,2026-08-01 08:00:00
624,3,124,51,20,A2,3,2026-08-01 08:00:00
625,3,125,168,20,A5,5,2026-08-01 08:00:00
626,3,126,62,20,A8,4,2026-08-01 08:00:00
627,3,127,141,20,A1,4,2026-08-01 08:00:00
628,3,128,80,20,A3,4,2026-08-01 08:00:00
629,3,129,179,20,A3,3,2026-08-01 08:00:00
630,3,130,135,20,A1,5,2026-08-01 08:00:00
631,3,131,76,20,A1,5,2026-08-01 08:00:00
632,3,132,140,20,A2,3,2026-08-01 08:00:00
633,3,133,93,20,A6,2,2026-08-01 08:00:00
634,3,134,145,20,A3,2,2026-08-01 08:00:00
635,3,135,87,20,A5,2,2026-08-01 08:00:00
636,3,136,4,20,A1,5,2026-08-01 08:00:00
637,3,137,158,20,A2,3,2026-08-01 08:00:00
638,3,138,57,20,A4,5,2026-08-01 08:00:00
639,3,139,164,20,A6,2,2026-08-01 08:00:00
640,3,140,100,20,A2,2,2026-08-01 08:00:00
641,3,141,121,20,A6,5,2026-08-01 08:00:00
642,3,142,118,20,A3,5,2026-08-01 08:00:00
643,3,143,133,20,A7,2,2026-08-01 08:00:00
644,3,144,41,20,A4,4,2026-08-01 08:00:00
645,3,145,110,20,A3,3,2026-08-01 08:00:00
646,3,146,162,20,A6,3,2026-08-01 08:00:00
647,3,147,164,20,A3,5,2026-08-01 08:00:00
648,3,148,60,20,A3,5,2026-08-01 08:00:00
649,3,149,90,20,A2,1,2026-08-01 08:00:00
650,3,150,44,20,A1,5,2026-08-01 08:00:00
651,3,151,143,20,A4,1,2026-08-01 08:00:00
652,3,152,106,20,A8,2,2026-08-01 08:00:00
653,3,153,8,20,A4,5,2026-08-01 08:00:00
654,3,154,114,20,A2,4,2026-08-01 08:00:00
655,3,155,133,20,A4,5,2026-08-01 08:00:00
656,3,156,82,20,A3,4,2026-08-01 08:00:00
657,3,157,80,20,A3,4,2026-08-01 08:00:00
658,3,158,131,20,A8,2,2026-08-01 08:00:00
659,3,159,56,20,A4,1,2026-08-01 08:00:00
660,3,160,92,20,A6,4,2026-08-01 08:00:00
661,3,161,160,20,A1,1,2026-08-01 08:00:00
662,3,162,122,20,A5,3,2026-08-01 08:00:00
663,3,163,179,20,A7,4,2026-08-01 08:00:00
664,3,164,133,20,A2,5,2026-08-01 08:00:00
665,3,165,104,20,A4,5,2026-08-01 08:00:00
666,3,166,143,20,A6,4,2026-08-01 08:00:00
667,3,167,163,20,A1,5,2026-08-01 08:00:00
668,3,168,75,20,A4,1,2026-08-01 08:00:00
669,3,169,171,20,A4,2,2026-08-01 08:00:00
670,3,170,4,20,A6,5,2026-08-01 08:00:00
671,3,171,70,20,A7,3,2026-08-01 08:00:00
672,3,172,69,20,A8,4,2026-08-01 08:00:00
673,3,173,93,20,A7,1,2026-08-01 08:00:00
674,3,174,102,20,A3,2,2026-08-01 08:00:00
675,3,175,11,20,A3,1,2026-08-01 08:00:00
676,3,176,82,20,A3,5,2026-08-01 08:00:00
677,3,177,143,20,A1,3,2026-08-01 08:00:00
678,3,178,61,20,A8,4,2026-08-01 08:00:00
679,3,179,83,20,A7,5,2026-08-01 08:00:00
680,3,180,76,20,A3,5,2026-08-01 08:00:00
681,3,181,170,20,A6,4,2026-08-01 08:00:00
682,3,182,57,20,A7,2,2026-08-01 08:00:00
683,3,183,10,20,A7,2,2026-08-01 08:00:00
684,3,184,64,20,A1,5,2026-08-01 08:00:00
685,3,185,168,20,A2,4,2026-08-01 08:00:00
686,3,186,73,20,A1,4,2026-08-01 08:00:00
687,3,187,8,20,A6,1,2026-08-01 08:00:00
688,3,188,175,20,A8,4,2026-08-01 08:00:00
689,3,189,129,20,A2,4,2026-08-01 08:00:00
690,3,190,74,20,A4,1,2026-08-01 08:00:00
691,3,191,112,20,A7,3,2026-08-01 08:00:00
692,3,192,13,20,A1,5,2026-08-01 08:00:00
693,3,193,173,20,A1,4,2026-08-01 08:00:00
694,3,194,92,20,A6,4,2026-08-01 08:00:00
695,3,195,132,20,A7,5,2026-08-01 08:00:00
696,3,196,104,20,A7,5,2026-08-01 08:00:00
697,3,197,133,20,A7,2,2026-08-01 08:00:00
698,3,198,145,20,A8,2,2026-08-01 08:00:00
699,3,199,134,20,A8,3,2026-08-01 08:00:00
700,3,200,118,20,A7,2,2026-08-01 08:00:00
701,3,201,70,20,A8,2,2026-08-01 08:00:00
702,3,202,65,20,A7,3,2026-08-01 08:00:00
703,3,203,180,20,A1,2,2026-08-01 08:00:00
704,3,204,12,20,A1,1,2026-08-01 08:00:00
705,3,205,77,20,A7,1,2026-08-01 08:00:00
706,3,206,56,20,A6,1,2026-08-01 08:00:00
707,3,207,49,20,A7,5,2026-08-01 08:00:00
708,3,208,173,20,A1,2,2026-08-01 08:00:00
709,3,209,166,20,A4,5,2026-08-01 08:00:00
710,3,210,113,20,A4,5,2026-08-01 08:00:00
711,3,211,83,20,A6,2,2026-08-01 08:00:00
712,3,212,40,20,A2,3,2026-08-01 08:00:00
713,3,213,142,20,A7,4,2026-08-01 08:00:00
714,3,214,91,20,A2,1,2026-08-01 08:00:00
715,3,215,180,20,A6,3,2026-08-01 08:00:00
716,3,216,110,20,A4,4,2026-08-01 08:00:00
717,3,217,143,20,A5,2,2026-08-01 08:00:00
718,3,218,144,20,A2,5,2026-08-01 08:00:00
719,3,219,115,20,A2,5,2026-08-01 08:00:00
720,3,220,105,20,A5,4,2026-08-01 08:00:00
721,3,221,11,20,A8,2,2026-08-01 08:00:00
722,3,222,126,20,A8,4,2026-08-01 08:00:00
723,3,223,47,20,A5,1,2026-08-01 08:00:00
724,3,224,137,20,A4,2,2026-08-01 08:00:00
725,3,225,120,20,A6,5,2026-08-01 08:00:00
726,3,226,15,20,A5,2,2026-08-01 08:00:00
727,3,227,113,20,A6,1,2026-08-01 08:00:00
728,3,228,85,20,A6,2,2026-08-01 08:00:00
729,3,229,108,20,A4,4,2026-08-01 08:00:00
730,3,230,91,20,A4,3,2026-08-01 08:00:00
731,3,231,92,20,A4,5,2026-08-01 08:00:00
732,3,232,131,20,A2,1,2026-08-01 08:00:00
733,3,233,60,20,A8,5,2026-08-01 08:00:00
734,3,234,41,20,A1,4,2026-08-01 08:00:00
735,3,235,135,20,A8,5,2026-08-01 08:00:00
736,3,236,110,20,A5,4,2026-08-01 08:00:00
737,3,237,96,20,A3,1,2026-08-01 08:00:00
738,3,238,14,20,A7,4,2026-08-01 08:00:00
739,3,239,7,20,A7,2,2026-08-01 08:00:00
740,3,240,157,20,A8,3,2026-08-01 08:00:00
741,3,241,5,20,A7,5,2026-08-01 08:00:00
742,3,242,65,20,A5,2,2026-08-01 08:00:00
743,3,243,180,20,A5,4,2026-08-01 08:00:00
744,3,244,127,20,A8,4,2026-08-01 08:00:00
745,3,245,93,20,A6,3,2026-08-01 08:00:00
746,3,246,142,20,A3,5,2026-08-01 08:00:00
747,3,247,73,20,A4,1,2026-08-01 08:00:00
748,3,248,109,20,A7,4,2026-08-01 08:00:00
749,3,249,90,20,A3,4,2026-08-01 08:00:00
750,3,250,42,20,A8,2,2026-08-01 08:00:00
751,4,1,172,20,A6,4,2026-08-01 08:00:00
752,4,2,116,20,A1,4,2026-08-01 08:00:00
753,4,3,65,20,A1,2,2026-08-01 08:00:00
754,4,4,105,20,A2,4,2026-08-01 08:00:00
755,4,5,125,20,A6,5,2026-08-01 08:00:00
756,4,6,105,20,A7,1,2026-08-01 08:00:00
757,4,7,129,20,A4,5,2026-08-01 08:00:00
758,4,8,177,20,A5,3,2026-08-01 08:00:00
759,4,9,123,20,A8,4,2026-08-01 08:00:00
760,4,10,60,20,A5,4,2026-08-01 08:00:00
761,4,11,77,20,A6,4,2026-08-01 08:00:00
762,4,12,143,20,A2,1,2026-08-01 08:00:00
763,4,13,81,20,A6,3,2026-08-01 08:00:00
764,4,14,114,20,A7,3,2026-08-01 08:00:00
765,4,15,153,20,A6,5,2026-08-01 08:00:00
766,4,16,173,20,A7,2,2026-08-01 08:00:00
767,4,17,15,20,A1,2,2026-08-01 08:00:00
768,4,18,100,20,A2,2,2026-08-01 08:00:00
769,4,19,82,20,A2,1,2026-08-01 08:00:00
770,4,20,161,20,A1,4,2026-08-01 08:00:00
771,4,21,174,20,A2,1,2026-08-01 08:00:00
772,4,22,107,20,A2,4,2026-08-01 08:00:00
773,4,23,119,20,A5,4,2026-08-01 08:00:00
774,4,24,72,20,A3,1,2026-08-01 08:00:00
775,4,25,48,20,A6,4,2026-08-01 08:00:00
776,4,26,159,20,A5,5,2026-08-01 08:00:00
777,4,27,153,20,A3,5,2026-08-01 08:00:00
778,4,28,156,20,A7,5,2026-08-01 08:00:00
779,4,29,176,20,A6,4,2026-08-01 08:00:00
780,4,30,178,20,A2,4,2026-08-01 08:00:00
781,4,31,118,20,A5,2,2026-08-01 08:00:00
782,4,32,10,20,A3,3,2026-08-01 08:00:00
783,4,33,113,20,A1,4,2026-08-01 08:00:00
784,4,34,6,20,A1,4,2026-08-01 08:00:00
785,4,35,114,20,A1,5,2026-08-01 08:00:00
786,4,36,135,20,A7,4,2026-08-01 08:00:00
787,4,37,103,20,A7,4,2026-08-01 08:00:00
788,4,38,96,20,A7,2,2026-08-01 08:00:00
789,4,39,172,20,A5,3,2026-08-01 08:00:00
790,4,40,176,20,A7,2,2026-08-01 08:00:00
791,4,41,57,20,A5,1,2026-08-01 08:00:00
792,4,42,156,20,A5,5,2026-08-01 08:00:00
793,4,43,165,20,A1,2,2026-08-01 08:00:00
794,4,44,52,20,A1,2,2026-08-01 08:00:00
795,4,45,66,20,A3,4,2026-08-01 08:00:00
796,4,46,42,20,A3,1,2026-08-01 08:00:00
797,4,47,166,20,A7,3,2026-08-01 08:00:00
798,4,48,167,20,A8,1,2026-08-01 08:00:00
799,4,49,124,20,A3,1,2026-08-01 08:00:00
800,4,50,108,20,A2,5,2026-08-01 08:00:00
801,4,51,4,20,A4,3,2026-08-01 08:00:00
802,4,52,137,20,A2,2,2026-08-01 08:00:00
803,4,53,138,20,A8,2,2026-08-01 08:00:00
804,4,54,48,20,A2,5,2026-08-01 08:00:00
805,4,55,93,20,A5,3,2026-08-01 08:00:00
806,4,56,80,20,A1,5,2026-08-01 08:00:00
807,4,57,173,20,A8,3,2026-08-01 08:00:00
808,4,58,90,20,A1,2,2026-08-01 08:00:00
809,4,59,68,20,A7,3,2026-08-01 08:00:00
810,4,60,43,20,A5,5,2026-08-01 08:00:00
811,4,61,70,20,A4,1,2026-08-01 08:00:00
812,4,62,50,20,A8,5,2026-08-01 08:00:00
813,4,63,79,20,A2,2,2026-08-01 08:00:00
814,4,64,80,20,A6,1,2026-08-01 08:00:00
815,4,65,55,20,A3,5,2026-08-01 08:00:00
816,4,66,67,20,A4,3,2026-08-01 08:00:00
817,4,67,128,20,A8,2,2026-08-01 08:00:00
818,4,68,13,20,A7,3,2026-08-01 08:00:00
819,4,69,74,20,A1,4,2026-08-01 08:00:00
820,4,70,152,20,A8,2,2026-08-01 08:00:00
821,4,71,87,20,A6,4,2026-08-01 08:00:00
822,4,72,110,20,A3,1,2026-08-01 08:00:00
823,4,73,175,20,A5,3,2026-08-01 08:00:00
824,4,74,178,20,A1,5,2026-08-01 08:00:00
825,4,75,137,20,A1,5,2026-08-01 08:00:00
826,4,76,133,20,A4,3,2026-08-01 08:00:00
827,4,77,56,20,A7,2,2026-08-01 08:00:00
828,4,78,174,20,A3,5,2026-08-01 08:00:00
829,4,79,112,20,A6,1,2026-08-01 08:00:00
830,4,80,64,20,A2,1,2026-08-01 08:00:00
831,4,81,73,20,A1,2,2026-08-01 08:00:00
832,4,82,67,20,A2,1,2026-08-01 08:00:00
833,4,83,139,20,A5,1,2026-08-01 08:00:00
834,4,84,133,20,A2,1,2026-08-01 08:00:00
835,4,85,12,20,A8,1,2026-08-01 08:00:00
836,4,86,159,20,A1,3,2026-08-01 08:00:00
837,4,87,146,20,A1,5,2026-08-01 08:00:00
838,4,88,108,20,A2,3,2026-08-01 08:00:00
839,4,89,59,20,A2,1,2026-08-01 08:00:00
840,4,90,99,20,A4,2,2026-08-01 08:00:00
841,4,91,174,20,A3,5,2026-08-01 08:00:00
842,4,92,146,20,A6,4,2026-08-01 08:00:00
843,4,93,149,20,A3,2,2026-08-01 08:00:00
844,4,94,180,20,A6,2,2026-08-01 08:00:00
845,4,95,176,20,A8,3,2026-08-01 08:00:00
846,4,96,120,20,A6,3,2026-08-01 08:00:00
847,4,97,145,20,A7,3,2026-08-01 08:00:00
848,4,98,101,20,A4,4,2026-08-01 08:00:00
849,4,99,180,20,A5,3,2026-08-01 08:00:00
850,4,100,155,20,A7,1,2026-08-01 08:00:00
851,4,101,48,20,A1,5,2026-08-01 08:00:00
852,4,102,6,20,A1,3,2026-08-01 08:00:00
853,4,103,96,20,A6,1,2026-08-01 08:00:00
854,4,104,110,20,A3,1,2026-08-01 08:00:00
855,4,105,49,20,A3,2,2026-08-01 08:00:00
856,4,106,107,20,A4,2,2026-08-01 08:00:00
857,4,107,105,20,A2,5,2026-08-01 08:00:00
858,4,108,142,20,A4,1,2026-08-01 08:00:00
859,4,109,123,20,A3,4,2026-08-01 08:00:00
860,4,110,64,20,A5,1,2026-08-01 08:00:00
861,4,111,137,20,A1,3,2026-08-01 08:00:00
862,4,112,129,20,A7,4,2026-08-01 08:00:00
863,4,113,70,20,A4,5,2026-08-01 08:00:00
864,4,114,42,20,A7,1,2026-08-01 08:00:00
865,4,115,118,20,A6,5,2026-08-01 08:00:00
866,4,116,78,20,A4,2,2026-08-01 08:00:00
867,4,117,52,20,A7,4,2026-08-01 08:00:00
868,4,118,169,20,A7,3,2026-08-01 08:00:00
869,4,119,4,20,A3,3,2026-08-01 08:00:00
870,4,120,61,20,A1,5,2026-08-01 08:00:00
871,4,121,142,20,A7,5,2026-08-01 08:00:00
872,4,122,151,20,A3,2,2026-08-01 08:00:00
873,4,123,163,20,A8,4,2026-08-01 08:00:00
874,4,124,90,20,A4,2,2026-08-01 08:00:00
875,4,125,58,20,A7,3,2026-08-01 08:00:00
876,4,126,62,20,A7,4,2026-08-01 08:00:00
877,4,127,133,20,A6,3,2026-08-01 08:00:00
878,4,128,46,20,A3,3,2026-08-01 08:00:00
879,4,129,153,20,A8,1,2026-08-01 08:00:00
880,4,130,99,20,A6,2,2026-08-01 08:00:00
881,4,131,61,20,A1,2,2026-08-01 08:00:00
882,4,132,77,20,A5,1,2026-08-01 08:00:00
883,4,133,127,20,A2,3,2026-08-01 08:00:00
884,4,134,155,20,A6,2,2026-08-01 08:00:00
885,4,135,177,20,A5,5,2026-08-01 08:00:00
886,4,136,11,20,A3,1,2026-08-01 08:00:00
887,4,137,136,20,A1,3,2026-08-01 08:00:00
888,4,138,83,20,A4,5,2026-08-01 08:00:00
889,4,139,109,20,A1,1,2026-08-01 08:00:00
890,4,140,139,20,A6,1,2026-08-01 08:00:00
891,4,141,44,20,A7,2,2026-08-01 08:00:00
892,4,142,137,20,A2,3,2026-08-01 08:00:00
893,4,143,164,20,A2,2,2026-08-01 08:00:00
894,4,144,90,20,A8,5,2026-08-01 08:00:00
895,4,145,10,20,A5,3,2026-08-01 08:00:00
896,4,146,165,20,A3,1,2026-08-01 08:00:00
897,4,147,128,20,A6,3,2026-08-01 08:00:00
898,4,148,100,20,A5,1,2026-08-01 08:00:00
899,4,149,105,20,A1,5,2026-08-01 08:00:00
900,4,150,111,20,A6,4,2026-08-01 08:00:00
901,4,151,75,20,A7,5,2026-08-01 08:00:00
902,4,152,98,20,A3,4,2026-08-01 08:00:00
903,4,153,11,20,A6,4,2026-08-01 08:00:00
904,4,154,178,20,A3,5,2026-08-01 08:00:00
905,4,155,178,20,A4,2,2026-08-01 08:00:00
906,4,156,119,20,A3,4,2026-08-01 08:00:00
907,4,157,77,20,A3,3,2026-08-01 08:00:00
908,4,158,57,20,A2,2,2026-08-01 08:00:00
909,4,159,121,20,A3,1,2026-08-01 08:00:00
910,4,160,121,20,A7,4,2026-08-01 08:00:00
911,4,161,117,20,A5,2,2026-08-01 08:00:00
912,4,162,88,20,A3,1,2026-08-01 08:00:00
913,4,163,108,20,A4,5,2026-08-01 08:00:00
914,4,164,99,20,A1,3,2026-08-01 08:00:00
915,4,165,60,20,A8,2,2026-08-01 08:00:00
916,4,166,168,20,A8,3,2026-08-01 08:00:00
917,4,167,87,20,A8,4,2026-08-01 08:00:00
918,4,168,75,20,A4,1,2026-08-01 08:00:00
919,4,169,144,20,A1,3,2026-08-01 08:00:00
920,4,170,5,20,A4,2,2026-08-01 08:00:00
921,4,171,56,20,A8,5,2026-08-01 08:00:00
922,4,172,165,20,A8,2,2026-08-01 08:00:00
923,4,173,149,20,A1,5,2026-08-01 08:00:00
924,4,174,137,20,A7,5,2026-08-01 08:00:00
925,4,175,177,20,A1,5,2026-08-01 08:00:00
926,4,176,67,20,A1,2,2026-08-01 08:00:00
927,4,177,172,20,A1,5,2026-08-01 08:00:00
928,4,178,139,20,A1,2,2026-08-01 08:00:00
929,4,179,114,20,A5,3,2026-08-01 08:00:00
930,4,180,158,20,A5,5,2026-08-01 08:00:00
931,4,181,53,20,A3,4,2026-08-01 08:00:00
932,4,182,155,20,A2,2,2026-08-01 08:00:00
933,4,183,179,20,A7,3,2026-08-01 08:00:00
934,4,184,9,20,A4,4,2026-08-01 08:00:00
935,4,185,63,20,A3,1,2026-08-01 08:00:00
936,4,186,63,20,A8,3,2026-08-01 08:00:00
937,4,187,10,20,A7,5,2026-08-01 08:00:00
938,4,188,80,20,A7,1,2026-08-01 08:00:00
939,4,189,83,20,A3,2,2026-08-01 08:00:00
940,4,190,77,20,A1,4,2026-08-01 08:00:00
941,4,191,118,20,A8,3,2026-08-01 08:00:00
942,4,192,86,20,A3,2,2026-08-01 08:00:00
943,4,193,40,20,A5,1,2026-08-01 08:00:00
944,4,194,157,20,A8,5,2026-08-01 08:00:00
945,4,195,41,20,A8,2,2026-08-01 08:00:00
946,4,196,95,20,A8,4,2026-08-01 08:00:00
947,4,197,144,20,A1,2,2026-08-01 08:00:00
948,4,198,180,20,A4,1,2026-08-01 08:00:00
949,4,199,87,20,A6,1,2026-08-01 08:00:00
950,4,200,77,20,A5,3,2026-08-01 08:00:00
951,4,201,62,20,A7,2,2026-08-01 08:00:00
952,4,202,81,20,A3,4,2026-08-01 08:00:00
953,4,203,132,20,A2,3,2026-08-01 08:00:00
954,4,204,7,20,A7,1,2026-08-01 08:00:00
955,4,205,149,20,A2,3,2026-08-01 08:00:00
956,4,206,160,20,A5,3,2026-08-01 08:00:00
957,4,207,174,20,A4,2,2026-08-01 08:00:00
958,4,208,54,20,A2,4,2026-08-01 08:00:00
959,4,209,113,20,A6,3,2026-08-01 08:00:00
960,4,210,174,20,A6,2,2026-08-01 08:00:00
961,4,211,167,20,A8,4,2026-08-01 08:00:00
962,4,212,86,20,A4,3,2026-08-01 08:00:00
963,4,213,2,20,A8,1,2026-08-01 08:00:00
964,4,214,93,20,A7,4,2026-08-01 08:00:00
965,4,215,51,20,A4,1,2026-08-01 08:00:00
966,4,216,91,20,A5,1,2026-08-01 08:00:00
967,4,217,118,20,A6,1,2026-08-01 08:00:00
968,4,218,69,20,A6,4,2026-08-01 08:00:00
969,4,219,47,20,A4,3,2026-08-01 08:00:00
970,4,220,126,20,A8,4,2026-08-01 08:00:00
971,4,221,12,20,A3,4,2026-08-01 08:00:00
972,4,222,79,20,A6,4,2026-08-01 08:00:00
973,4,223,145,20,A1,5,2026-08-01 08:00:00
974,4,224,116,20,A6,5,2026-08-01 08:00:00
975,4,225,11,20,A6,3,2026-08-01 08:00:00
976,4,226,56,20,A5,1,2026-08-01 08:00:00
977,4,227,126,20,A3,5,2026-08-01 08:00:00
978,4,228,139,20,A2,3,2026-08-01 08:00:00
979,4,229,120,20,A5,4,2026-08-01 08:00:00
980,4,230,62,20,A4,3,2026-08-01 08:00:00
981,4,231,155,20,A5,2,2026-08-01 08:00:00
982,4,232,174,20,A2,3,2026-08-01 08:00:00
983,4,233,49,20,A2,4,2026-08-01 08:00:00
984,4,234,9,20,A3,2,2026-08-01 08:00:00
985,4,235,127,20,A5,3,2026-08-01 08:00:00
986,4,236,76,20,A2,5,2026-08-01 08:00:00
987,4,237,73,20,A1,4,2026-08-01 08:00:00
988,4,238,13,20,A2,1,2026-08-01 08:00:00
989,4,239,119,20,A2,3,2026-08-01 08:00:00
990,4,240,159,20,A2,5,2026-08-01 08:00:00
991,4,241,14,20,A5,2,2026-08-01 08:00:00
992,4,242,122,20,A5,3,2026-08-01 08:00:00
993,4,243,176,20,A8,1,2026-08-01 08:00:00
994,4,244,109,20,A5,1,2026-08-01 08:00:00
995,4,245,43,20,A2,2,2026-08-01 08:00:00
996,4,246,178,20,A6,3,2026-08-01 08:00:00
997,4,247,76,20,A5,5,2026-08-01 08:00:00
998,4,248,102,20,A5,5,2026-08-01 08:00:00
999,4,249,126,20,A1,2,2026-08-01 08:00:00
1000,4,250,47,20,A1,1,2026-08-01 08:00:00
1001,5,1,138,20,A7,4,2026-08-01 08:00:00
1002,5,2,85,20,A8,5,2026-08-01 08:00:00
1003,5,3,131,20,A4,5,2026-08-01 08:00:00
1004,5,4,60,20,A8,5,2026-08-01 08:00:00
1005,5,5,73,20,A8,1,2026-08-01 08:00:00
1006,5,6,156,20,A8,4,2026-08-01 08:00:00
1007,5,7,99,20,A3,5,2026-08-01 08:00:00
1008,5,8,106,20,A7,2,2026-08-01 08:00:00
1009,5,9,124,20,A6,4,2026-08-01 08:00:00
1010,5,10,9,20,A2,3,2026-08-01 08:00:00
1011,5,11,162,20,A3,3,2026-08-01 08:00:00
1012,5,12,129,20,A3,5,2026-08-01 08:00:00
1013,5,13,66,20,A2,3,2026-08-01 08:00:00
1014,5,14,58,20,A8,4,2026-08-01 08:00:00
1015,5,15,145,20,A4,5,2026-08-01 08:00:00
1016,5,16,80,20,A7,1,2026-08-01 08:00:00
1017,5,17,5,20,A7,4,2026-08-01 08:00:00
1018,5,18,127,20,A4,2,2026-08-01 08:00:00
1019,5,19,59,20,A8,1,2026-08-01 08:00:00
1020,5,20,158,20,A2,4,2026-08-01 08:00:00
1021,5,21,85,20,A7,1,2026-08-01 08:00:00
1022,5,22,67,20,A7,3,2026-08-01 08:00:00
1023,5,23,166,20,A1,1,2026-08-01 08:00:00
1024,5,24,95,20,A1,2,2026-08-01 08:00:00
1025,5,25,78,20,A5,4,2026-08-01 08:00:00
1026,5,26,154,20,A6,3,2026-08-01 08:00:00
1027,5,27,117,20,A7,3,2026-08-01 08:00:00
1028,5,28,62,20,A7,2,2026-08-01 08:00:00
1029,5,29,115,20,A1,1,2026-08-01 08:00:00
1030,5,30,131,20,A5,1,2026-08-01 08:00:00
1031,5,31,100,20,A7,3,2026-08-01 08:00:00
1032,5,32,137,20,A7,5,2026-08-01 08:00:00
1033,5,33,94,20,A8,2,2026-08-01 08:00:00
1034,5,34,10,20,A7,3,2026-08-01 08:00:00
1035,5,35,146,20,A3,2,2026-08-01 08:00:00
1036,5,36,42,20,A1,2,2026-08-01 08:00:00
1037,5,37,164,20,A3,1,2026-08-01 08:00:00
1038,5,38,75,20,A7,4,2026-08-01 08:00:00
1039,5,39,148,20,A8,5,2026-08-01 08:00:00
1040,5,40,148,20,A8,4,2026-08-01 08:00:00
1041,5,41,130,20,A7,5,2026-08-01 08:00:00
1042,5,42,41,20,A4,5,2026-08-01 08:00:00
1043,5,43,108,20,A6,1,2026-08-01 08:00:00
1044,5,44,49,20,A6,1,2026-08-01 08:00:00
1045,5,45,163,20,A2,2,2026-08-01 08:00:00
1046,5,46,174,20,A5,4,2026-08-01 08:00:00
1047,5,47,172,20,A2,2,2026-08-01 08:00:00
1048,5,48,160,20,A2,5,2026-08-01 08:00:00
1049,5,49,119,20,A6,5,2026-08-01 08:00:00
1050,5,50,42,20,A8,5,2026-08-01 08:00:00
1051,5,51,8,20,A6,3,2026-08-01 08:00:00
1052,5,52,114,20,A5,5,2026-08-01 08:00:00
1053,5,53,106,20,A8,5,2026-08-01 08:00:00
1054,5,54,83,20,A5,5,2026-08-01 08:00:00
1055,5,55,46,20,A2,2,2026-08-01 08:00:00
1056,5,56,169,20,A5,3,2026-08-01 08:00:00
1057,5,57,73,20,A5,3,2026-08-01 08:00:00
1058,5,58,43,20,A3,5,2026-08-01 08:00:00
1059,5,59,78,20,A6,2,2026-08-01 08:00:00
1060,5,60,106,20,A4,4,2026-08-01 08:00:00
1061,5,61,86,20,A1,3,2026-08-01 08:00:00
1062,5,62,61,20,A3,4,2026-08-01 08:00:00
1063,5,63,145,20,A4,4,2026-08-01 08:00:00
1064,5,64,82,20,A6,1,2026-08-01 08:00:00
1065,5,65,107,20,A2,1,2026-08-01 08:00:00
1066,5,66,82,20,A8,3,2026-08-01 08:00:00
1067,5,67,161,20,A4,4,2026-08-01 08:00:00
1068,5,68,9,20,A5,2,2026-08-01 08:00:00
1069,5,69,175,20,A1,3,2026-08-01 08:00:00
1070,5,70,154,20,A6,5,2026-08-01 08:00:00
1071,5,71,50,20,A6,4,2026-08-01 08:00:00
1072,5,72,109,20,A5,1,2026-08-01 08:00:00
1073,5,73,105,20,A7,4,2026-08-01 08:00:00
1074,5,74,101,20,A4,5,2026-08-01 08:00:00
1075,5,75,126,20,A3,3,2026-08-01 08:00:00
1076,5,76,2,20,A2,1,2026-08-01 08:00:00
1077,5,77,145,20,A2,4,2026-08-01 08:00:00
1078,5,78,129,20,A5,3,2026-08-01 08:00:00
1079,5,79,11,20,A2,1,2026-08-01 08:00:00
1080,5,80,95,20,A2,1,2026-08-01 08:00:00
1081,5,81,62,20,A3,4,2026-08-01 08:00:00
1082,5,82,87,20,A3,3,2026-08-01 08:00:00
1083,5,83,115,20,A2,4,2026-08-01 08:00:00
1084,5,84,110,20,A6,3,2026-08-01 08:00:00
1085,5,85,14,20,A2,3,2026-08-01 08:00:00
1086,5,86,55,20,A6,1,2026-08-01 08:00:00
1087,5,87,106,20,A5,2,2026-08-01 08:00:00
1088,5,88,152,20,A4,5,2026-08-01 08:00:00
1089,5,89,140,20,A8,1,2026-08-01 08:00:00
1090,5,90,76,20,A7,2,2026-08-01 08:00:00
1091,5,91,67,20,A5,1,2026-08-01 08:00:00
1092,5,92,48,20,A5,4,2026-08-01 08:00:00
1093,5,93,44,20,A3,1,2026-08-01 08:00:00
1094,5,94,49,20,A5,2,2026-08-01 08:00:00
1095,5,95,124,20,A1,5,2026-08-01 08:00:00
1096,5,96,165,20,A7,1,2026-08-01 08:00:00
1097,5,97,178,20,A7,4,2026-08-01 08:00:00
1098,5,98,71,20,A6,3,2026-08-01 08:00:00
1099,5,99,117,20,A2,3,2026-08-01 08:00:00
1100,5,100,176,20,A6,1,2026-08-01 08:00:00
1101,5,101,157,20,A5,2,2026-08-01 08:00:00
1102,5,102,10,20,A1,4,2026-08-01 08:00:00
1103,5,103,88,20,A7,1,2026-08-01 08:00:00
1104,5,104,131,20,A8,2,2026-08-01 08:00:00
1105,5,105,2,20,A4,4,2026-08-01 08:00:00
1106,5,106,139,20,A5,4,2026-08-01 08:00:00
1107,5,107,176,20,A8,1,2026-08-01 08:00:00
1108,5,108,49,20,A6,1,2026-08-01 08:00:00
1109,5,109,143,20,A8,5,2026-08-01 08:00:00
1110,5,110,78,20,A4,1,2026-08-01 08:00:00
1111,5,111,49,20,A8,1,2026-08-01 08:00:00
1112,5,112,160,20,A1,2,2026-08-01 08:00:00
1113,5,113,12,20,A1,3,2026-08-01 08:00:00
1114,5,114,64,20,A3,5,2026-08-01 08:00:00
1115,5,115,56,20,A2,1,2026-08-01 08:00:00
1116,5,116,167,20,A4,1,2026-08-01 08:00:00
1117,5,117,91,20,A7,3,2026-08-01 08:00:00
1118,5,118,70,20,A3,3,2026-08-01 08:00:00
1119,5,119,14,20,A1,5,2026-08-01 08:00:00
1120,5,120,84,20,A2,3,2026-08-01 08:00:00
1121,5,121,76,20,A3,3,2026-08-01 08:00:00
1122,5,122,82,20,A1,2,2026-08-01 08:00:00
1123,5,123,65,20,A7,2,2026-08-01 08:00:00
1124,5,124,44,20,A2,1,2026-08-01 08:00:00
1125,5,125,41,20,A2,5,2026-08-01 08:00:00
1126,5,126,112,20,A8,2,2026-08-01 08:00:00
1127,5,127,92,20,A5,5,2026-08-01 08:00:00
1128,5,128,155,20,A3,5,2026-08-01 08:00:00
1129,5,129,49,20,A8,5,2026-08-01 08:00:00
1130,5,130,62,20,A5,3,2026-08-01 08:00:00
1131,5,131,5,20,A4,1,2026-08-01 08:00:00
1132,5,132,175,20,A6,5,2026-08-01 08:00:00
1133,5,133,169,20,A4,3,2026-08-01 08:00:00
1134,5,134,53,20,A3,4,2026-08-01 08:00:00
1135,5,135,167,20,A1,1,2026-08-01 08:00:00
1136,5,136,6,20,A4,4,2026-08-01 08:00:00
1137,5,137,104,20,A8,1,2026-08-01 08:00:00
1138,5,138,66,20,A3,2,2026-08-01 08:00:00
1139,5,139,47,20,A2,1,2026-08-01 08:00:00
1140,5,140,100,20,A6,4,2026-08-01 08:00:00
1141,5,141,90,20,A6,2,2026-08-01 08:00:00
1142,5,142,68,20,A2,2,2026-08-01 08:00:00
1143,5,143,145,20,A7,2,2026-08-01 08:00:00
1144,5,144,58,20,A8,1,2026-08-01 08:00:00
1145,5,145,151,20,A8,2,2026-08-01 08:00:00
1146,5,146,139,20,A8,2,2026-08-01 08:00:00
1147,5,147,131,20,A4,3,2026-08-01 08:00:00
1148,5,148,11,20,A1,3,2026-08-01 08:00:00
1149,5,149,74,20,A8,4,2026-08-01 08:00:00
1150,5,150,147,20,A6,2,2026-08-01 08:00:00
1151,5,151,115,20,A3,5,2026-08-01 08:00:00
1152,5,152,98,20,A8,2,2026-08-01 08:00:00
1153,5,153,15,20,A8,3,2026-08-01 08:00:00
1154,5,154,43,20,A4,2,2026-08-01 08:00:00
1155,5,155,123,20,A4,5,2026-08-01 08:00:00
1156,5,156,78,20,A1,4,2026-08-01 08:00:00
1157,5,157,51,20,A8,5,2026-08-01 08:00:00
1158,5,158,48,20,A7,4,2026-08-01 08:00:00
1159,5,159,65,20,A4,1,2026-08-01 08:00:00
1160,5,160,43,20,A7,2,2026-08-01 08:00:00
1161,5,161,73,20,A4,1,2026-08-01 08:00:00
1162,5,162,44,20,A5,2,2026-08-01 08:00:00
1163,5,163,157,20,A1,4,2026-08-01 08:00:00
1164,5,164,158,20,A7,2,2026-08-01 08:00:00
1165,5,165,134,20,A1,1,2026-08-01 08:00:00
1166,5,166,138,20,A6,5,2026-08-01 08:00:00
1167,5,167,48,20,A5,5,2026-08-01 08:00:00
1168,5,168,178,20,A4,1,2026-08-01 08:00:00
1169,5,169,125,20,A1,5,2026-08-01 08:00:00
1170,5,170,2,20,A2,4,2026-08-01 08:00:00
1171,5,171,133,20,A1,3,2026-08-01 08:00:00
1172,5,172,133,20,A2,5,2026-08-01 08:00:00
1173,5,173,92,20,A6,2,2026-08-01 08:00:00
1174,5,174,178,20,A8,5,2026-08-01 08:00:00
1175,5,175,93,20,A4,3,2026-08-01 08:00:00
1176,5,176,130,20,A7,3,2026-08-01 08:00:00
1177,5,177,53,20,A6,4,2026-08-01 08:00:00
1178,5,178,164,20,A2,4,2026-08-01 08:00:00
1179,5,179,176,20,A5,4,2026-08-01 08:00:00
1180,5,180,134,20,A2,2,2026-08-01 08:00:00
1181,5,181,157,20,A7,2,2026-08-01 08:00:00
1182,5,182,113,20,A2,1,2026-08-01 08:00:00
1183,5,183,82,20,A3,4,2026-08-01 08:00:00
1184,5,184,78,20,A1,3,2026-08-01 08:00:00
1185,5,185,146,20,A3,4,2026-08-01 08:00:00
1186,5,186,128,20,A1,3,2026-08-01 08:00:00
1187,5,187,3,20,A1,2,2026-08-01 08:00:00
1188,5,188,173,20,A7,5,2026-08-01 08:00:00
1189,5,189,127,20,A6,4,2026-08-01 08:00:00
1190,5,190,175,20,A8,4,2026-08-01 08:00:00
1191,5,191,117,20,A5,2,2026-08-01 08:00:00
1192,5,192,106,20,A6,3,2026-08-01 08:00:00
1193,5,193,52,20,A5,4,2026-08-01 08:00:00
1194,5,194,82,20,A3,5,2026-08-01 08:00:00
1195,5,195,113,20,A3,2,2026-08-01 08:00:00
1196,5,196,81,20,A1,3,2026-08-01 08:00:00
1197,5,197,72,20,A6,2,2026-08-01 08:00:00
1198,5,198,92,20,A1,3,2026-08-01 08:00:00
1199,5,199,128,20,A8,5,2026-08-01 08:00:00
1200,5,200,81,20,A2,1,2026-08-01 08:00:00
1201,5,201,143,20,A3,4,2026-08-01 08:00:00
1202,5,202,121,20,A6,3,2026-08-01 08:00:00
1203,5,203,161,20,A3,5,2026-08-01 08:00:00
1204,5,204,7,20,A2,4,2026-08-01 08:00:00
1205,5,205,50,20,A2,3,2026-08-01 08:00:00
1206,5,206,46,20,A4,4,2026-08-01 08:00:00
1207,5,207,131,20,A1,5,2026-08-01 08:00:00
1208,5,208,89,20,A4,3,2026-08-01 08:00:00
1209,5,209,10,20,A8,1,2026-08-01 08:00:00
1210,5,210,171,20,A8,3,2026-08-01 08:00:00
1211,5,211,170,20,A6,4,2026-08-01 08:00:00
1212,5,212,77,20,A7,3,2026-08-01 08:00:00
1213,5,213,138,20,A5,3,2026-08-01 08:00:00
1214,5,214,129,20,A8,5,2026-08-01 08:00:00
1215,5,215,62,20,A8,4,2026-08-01 08:00:00
1216,5,216,153,20,A7,4,2026-08-01 08:00:00
1217,5,217,75,20,A2,2,2026-08-01 08:00:00
1218,5,218,93,20,A6,1,2026-08-01 08:00:00
1219,5,219,136,20,A7,3,2026-08-01 08:00:00
1220,5,220,146,20,A8,5,2026-08-01 08:00:00
1221,5,221,5,20,A3,4,2026-08-01 08:00:00
1222,5,222,114,20,A1,3,2026-08-01 08:00:00
1223,5,223,117,20,A8,2,2026-08-01 08:00:00
1224,5,224,46,20,A3,3,2026-08-01 08:00:00
1225,5,225,116,20,A8,1,2026-08-01 08:00:00
1226,5,226,113,20,A8,2,2026-08-01 08:00:00
1227,5,227,47,20,A5,4,2026-08-01 08:00:00
1228,5,228,57,20,A6,5,2026-08-01 08:00:00
1229,5,229,163,20,A5,4,2026-08-01 08:00:00
1230,5,230,70,20,A1,3,2026-08-01 08:00:00
1231,5,231,81,20,A3,3,2026-08-01 08:00:00
1232,5,232,158,20,A3,3,2026-08-01 08:00:00
1233,5,233,81,20,A6,4,2026-08-01 08:00:00
1234,5,234,131,20,A5,5,2026-08-01 08:00:00
1235,5,235,59,20,A3,1,2026-08-01 08:00:00
1236,5,236,82,20,A6,3,2026-08-01 08:00:00
1237,5,237,109,20,A6,1,2026-08-01 08:00:00
1238,5,238,11,20,A6,2,2026-08-01 08:00:00
1239,5,239,43,20,A5,3,2026-08-01 08:00:00
1240,5,240,164,20,A3,1,2026-08-01 08:00:00
1241,5,241,95,20,A4,2,2026-08-01 08:00:00
1242,5,242,174,20,A2,4,2026-08-01 08:00:00
1243,5,243,157,20,A2,2,2026-08-01 08:00:00
1244,5,244,44,20,A5,3,2026-08-01 08:00:00
1245,5,245,75,20,A6,2,2026-08-01 08:00:00
1246,5,246,15,20,A2,2,2026-08-01 08:00:00
1247,5,247,72,20,A3,2,2026-08-01 08:00:00
1248,5,248,118,20,A3,1,2026-08-01 08:00:00
1249,5,249,148,20,A2,1,2026-08-01 08:00:00
1250,5,250,44,20,A7,1,2026-08-01 08:00:00
